"","X","index","rated","opening_play","increment_code","variable","value","cuts"
"1",22598,2540,"True",6,"10+0","rating2",1436,"795-1500"
"2",3397,3397,"True",4,"20+10","rating1",1861,"1750-2000"
"3",33805,13747,"True",5,"10+0","rating2",1721,"1500-1750"
"4",9958,9958,"False",3,"25+0","rating1",1148,"795-1500"
"5",28994,8936,"True",3,"10+8","rating2",1500,"795-1500"
"6",34043,13985,"True",5,"7+2","rating2",1495,"795-1500"
"7",31156,11098,"True",1,"10+0","rating2",1604,"1500-1750"
"8",25026,4968,"True",3,"10+0","rating2",1451,"795-1500"
"9",15139,15139,"True",3,"5+8","rating1",1344,"795-1500"
"10",11670,11670,"False",5,"10+2","rating1",2210,"2000-2574"
"11",37451,17393,"True",7,"15+5","rating2",1140,"795-1500"
"12",18527,18527,"True",6,"5+8","rating1",1564,"1500-1750"
"13",4772,4772,"False",7,"10+0","rating1",1525,"1500-1750"
"14",33222,13164,"True",3,"10+0","rating2",1470,"795-1500"
"15",12849,12849,"True",17,"5+5","rating1",2109,"2000-2574"
"16",32976,12918,"True",2,"10+0","rating2",1907,"1750-2000"
"17",10070,10070,"True",4,"10+10","rating1",1439,"795-1500"
"18",27936,7878,"True",7,"10+0","rating2",1768,"1750-2000"
"19",13598,13598,"True",7,"15+15","rating1",1911,"1750-2000"
"20",5553,5553,"True",6,"10+0","rating1",1368,"795-1500"
"21",16599,16599,"True",7,"10+0","rating1",1871,"1750-2000"
"22",25452,5394,"True",3,"15+5","rating2",1675,"1500-1750"
"23",15021,15021,"True",5,"5+8","rating1",1668,"1500-1750"
"24",23147,3089,"True",4,"30+0","rating2",1453,"795-1500"
"25",9844,9844,"True",5,"10+5","rating1",1404,"795-1500"
"26",13594,13594,"True",8,"15+15","rating1",1782,"1750-2000"
"27",1104,1104,"True",3,"10+0","rating1",1560,"1500-1750"
"28",18094,18094,"True",5,"10+0","rating1",1548,"1500-1750"
"29",6441,6441,"True",9,"10+0","rating1",1518,"1500-1750"
"30",23104,3046,"True",3,"10+0","rating2",1957,"1750-2000"
"31",29702,9644,"True",3,"5+10","rating2",1261,"795-1500"
"32",25521,5463,"True",5,"10+0","rating2",1531,"1500-1750"
"33",13236,13236,"True",2,"15+0","rating1",1476,"795-1500"
"34",24918,4860,"True",7,"15+0","rating2",1090,"795-1500"
"35",4684,4684,"False",5,"15+0","rating1",1706,"1500-1750"
"36",24942,4884,"True",7,"10+0","rating2",2087,"2000-2574"
"37",36453,16395,"True",4,"15+15","rating2",1453,"795-1500"
"38",17693,17693,"True",1,"10+0","rating1",1543,"1500-1750"
"39",2775,2775,"True",2,"10+0","rating1",1257,"795-1500"
"40",29774,9716,"True",3,"10+5","rating2",1464,"795-1500"
"41",24429,4371,"True",2,"10+0","rating2",1834,"1750-2000"
"42",22717,2659,"True",3,"15+15","rating2",1453,"795-1500"
"43",3679,3679,"True",7,"10+0","rating1",1538,"1500-1750"
"44",21911,1853,"True",3,"10+0","rating2",1364,"795-1500"
"45",30188,10130,"True",2,"15+15","rating2",1765,"1750-2000"
"46",7290,7290,"True",2,"10+0","rating1",1633,"1500-1750"
"47",22224,2166,"True",4,"10+0","rating2",1862,"1750-2000"
"48",33271,13213,"True",8,"5+5","rating2",2013,"2000-2574"
"49",16520,16520,"True",4,"10+0","rating1",1801,"1750-2000"
"50",24205,4147,"True",3,"5+8","rating2",1215,"795-1500"
"51",3368,3368,"True",2,"10+0","rating1",1600,"1500-1750"
"52",14597,14597,"True",8,"20+0","rating1",1922,"1750-2000"
"53",36341,16283,"True",3,"20+10","rating2",1283,"795-1500"
"54",34512,14454,"True",4,"10+0","rating2",1605,"1500-1750"
"55",20261,203,"True",8,"10+0","rating2",1317,"795-1500"
"56",36707,16649,"True",8,"10+0","rating2",1808,"1750-2000"
"57",75,75,"True",2,"15+5","rating1",1589,"1500-1750"
"58",20441,383,"True",4,"10+0","rating2",1153,"795-1500"
"59",31169,11111,"True",4,"10+0","rating2",1574,"1500-1750"
"60",167,167,"True",1,"8+0","rating1",1855,"1750-2000"
"61",26301,6243,"True",4,"8+0","rating2",1632,"1500-1750"
"62",13655,13655,"True",2,"10+0","rating1",908,"795-1500"
"63",36494,16436,"True",8,"10+0","rating2",1688,"1500-1750"
"64",10717,10717,"True",3,"5+5","rating1",1563,"1500-1750"
"65",7922,7922,"True",3,"15+0","rating1",1317,"795-1500"
"66",17788,17788,"True",3,"10+0","rating1",1722,"1500-1750"
"67",7354,7354,"True",7,"10+0","rating1",1935,"1750-2000"
"68",14060,14060,"True",7,"20+0","rating1",1518,"1500-1750"
"69",16753,16753,"False",4,"15+0","rating1",1615,"1500-1750"
"70",27364,7306,"True",5,"10+8","rating2",1114,"795-1500"
"71",11433,11433,"True",5,"7+2","rating1",1389,"795-1500"
"72",20542,484,"True",1,"10+3","rating2",1676,"1500-1750"
"73",15291,15291,"True",5,"10+5","rating1",1572,"1500-1750"
"74",38049,17991,"True",9,"10+0","rating2",1897,"1750-2000"
"75",9742,9742,"True",2,"10+0","rating1",1600,"1500-1750"
"76",33799,13741,"True",3,"10+0","rating2",2090,"2000-2574"
"77",6462,6462,"True",6,"5+10","rating1",1517,"1500-1750"
"78",19622,19622,"True",7,"10+0","rating1",1776,"1750-2000"
"79",20349,291,"True",8,"10+0","rating2",1945,"1750-2000"
"80",34451,14393,"True",1,"10+0","rating2",1295,"795-1500"
"81",257,257,"True",5,"15+15","rating1",1245,"795-1500"
"82",18736,18736,"True",12,"15+5","rating1",1904,"1750-2000"
"83",26438,6380,"True",10,"10+0","rating2",1650,"1500-1750"
"84",21914,1856,"True",3,"10+0","rating2",1296,"795-1500"
"85",1405,1405,"True",3,"10+0","rating1",1834,"1750-2000"
"86",12449,12449,"False",6,"10+0","rating1",2102,"2000-2574"
"87",2755,2755,"True",3,"10+0","rating1",1099,"795-1500"
"88",29108,9050,"True",4,"10+0","rating2",1460,"795-1500"
"89",35533,15475,"False",2,"10+0","rating2",1377,"795-1500"
"90",15292,15292,"True",3,"10+5","rating1",1527,"1500-1750"
"91",28490,8432,"True",7,"10+0","rating2",1551,"1500-1750"
"92",26124,6066,"True",5,"15+0","rating2",1763,"1750-2000"
"93",14529,14529,"True",10,"10+0","rating1",1864,"1750-2000"
"94",9162,9162,"False",1,"10+10","rating1",1775,"1750-2000"
"95",29753,9695,"True",7,"10+3","rating2",1557,"1500-1750"
"96",3443,3443,"True",10,"10+0","rating1",1575,"1500-1750"
"97",4740,4740,"False",9,"10+0","rating1",2263,"2000-2574"
"98",27567,7509,"True",1,"10+0","rating2",1323,"795-1500"
"99",38372,18314,"True",9,"10+0","rating2",1882,"1750-2000"
"100",35629,15571,"True",1,"10+0","rating2",1274,"795-1500"
"101",1801,1801,"True",8,"10+0","rating1",1412,"795-1500"
"102",26023,5965,"True",8,"15+10","rating2",1518,"1500-1750"
"103",7132,7132,"True",4,"10+0","rating1",1729,"1500-1750"
"104",15839,15839,"True",12,"10+0","rating1",2329,"2000-2574"
"105",33165,13107,"True",4,"10+5","rating2",1886,"1750-2000"
"106",33870,13812,"True",5,"10+0","rating2",1766,"1750-2000"
"107",693,693,"True",8,"10+5","rating1",1931,"1750-2000"
"108",29263,9205,"True",4,"5+8","rating2",1523,"1500-1750"
"109",31934,11876,"True",2,"10+0","rating2",1914,"1750-2000"
"110",2677,2677,"False",8,"10+0","rating1",1500,"795-1500"
"111",36228,16170,"True",7,"10+0","rating2",1636,"1500-1750"
"112",18659,18659,"True",4,"30+0","rating1",1264,"795-1500"
"113",29590,9532,"True",4,"10+0","rating2",1500,"795-1500"
"114",39512,19454,"False",6,"10+0","rating2",1500,"795-1500"
"115",33930,13872,"False",3,"10+0","rating2",1536,"1500-1750"
"116",26090,6032,"True",6,"10+0","rating2",1869,"1750-2000"
"117",16134,16134,"True",3,"10+0","rating1",1588,"1500-1750"
"118",25525,5467,"True",6,"10+0","rating2",1594,"1500-1750"
"119",4880,4880,"True",1,"10+0","rating1",1670,"1500-1750"
"120",33628,13570,"True",7,"10+0","rating2",1587,"1500-1750"
"121",29085,9027,"False",2,"5+8","rating2",1709,"1500-1750"
"122",11916,11916,"True",2,"10+0","rating1",2113,"2000-2574"
"123",27587,7529,"True",3,"10+0","rating2",1814,"1750-2000"
"124",1258,1258,"True",4,"5+5","rating1",1342,"795-1500"
"125",4103,4103,"True",4,"10+0","rating1",1478,"795-1500"
"126",17917,17917,"True",3,"10+0","rating1",2255,"2000-2574"
"127",1857,1857,"True",2,"8+0","rating1",1331,"795-1500"
"128",31499,11441,"False",8,"30+0","rating2",1277,"795-1500"
"129",2120,2120,"True",3,"10+8","rating1",1398,"795-1500"
"130",21390,1332,"False",2,"15+5","rating2",1104,"795-1500"
"131",15603,15603,"True",5,"15+15","rating1",1674,"1500-1750"
"132",21197,1139,"True",3,"10+0","rating2",1824,"1750-2000"
"133",17701,17701,"True",4,"8+0","rating1",1590,"1500-1750"
"134",12744,12744,"False",10,"10+10","rating1",1566,"1500-1750"
"135",36442,16384,"True",2,"15+15","rating2",1781,"1750-2000"
"136",36572,16514,"True",8,"5+10","rating2",1795,"1750-2000"
"137",19174,19174,"True",5,"8+0","rating1",1873,"1750-2000"
"138",32137,12079,"False",4,"10+0","rating2",1185,"795-1500"
"139",20240,182,"True",6,"15+0","rating2",1860,"1750-2000"
"140",23105,3047,"True",3,"10+0","rating2",1553,"1500-1750"
"141",23712,3654,"True",3,"10+0","rating2",1499,"795-1500"
"142",19027,19027,"True",4,"10+0","rating1",1397,"795-1500"
"143",20439,381,"True",5,"10+0","rating2",937,"795-1500"
"144",1108,1108,"False",7,"5+5","rating1",1786,"1750-2000"
"145",4334,4334,"False",2,"10+0","rating1",1629,"1500-1750"
"146",24773,4715,"True",5,"10+0","rating2",1946,"1750-2000"
"147",28547,8489,"True",4,"5+8","rating2",1407,"795-1500"
"148",39115,19057,"True",5,"7+2","rating2",1307,"795-1500"
"149",26218,6160,"True",8,"10+0","rating2",1533,"1500-1750"
"150",6073,6073,"True",5,"5+5","rating1",1762,"1750-2000"
"151",34767,14709,"True",8,"10+0","rating2",1238,"795-1500"
"152",23711,3653,"True",3,"10+3","rating2",1679,"1500-1750"
"153",13551,13551,"True",9,"10+0","rating1",1834,"1750-2000"
"154",39461,19403,"True",4,"15+15","rating2",1805,"1750-2000"
"155",25041,4983,"True",3,"10+0","rating2",1447,"795-1500"
"156",19769,19769,"True",6,"10+0","rating1",1540,"1500-1750"
"157",12129,12129,"True",2,"10+0","rating1",1655,"1500-1750"
"158",26525,6467,"True",6,"5+10","rating2",1445,"795-1500"
"159",18561,18561,"True",6,"5+8","rating1",1822,"1750-2000"
"160",15036,15036,"True",2,"30+30","rating1",2214,"2000-2574"
"161",27001,6943,"True",4,"15+0","rating2",1763,"1750-2000"
"162",25992,5934,"True",3,"10+0","rating2",1358,"795-1500"
"163",24359,4301,"True",6,"10+0","rating2",1627,"1500-1750"
"164",19065,19065,"False",8,"30+0","rating1",1213,"795-1500"
"165",32018,11960,"True",2,"10+0","rating2",1781,"1750-2000"
"166",34347,14289,"True",4,"15+15","rating2",1417,"795-1500"
"167",36734,16676,"True",12,"15+5","rating2",2179,"2000-2574"
"168",13308,13308,"True",3,"10+0","rating1",1396,"795-1500"
"169",29775,9717,"True",7,"10+0","rating2",2007,"2000-2574"
"170",11914,11914,"True",7,"10+0","rating1",2211,"2000-2574"
"171",33555,13497,"True",4,"10+0","rating2",1971,"1750-2000"
"172",32928,12870,"True",14,"10+0","rating2",1948,"1750-2000"
"173",35578,15520,"True",6,"8+0","rating2",1694,"1500-1750"
"174",7166,7166,"True",6,"10+0","rating1",1583,"1500-1750"
"175",30276,10218,"False",10,"10+0","rating2",1590,"1500-1750"
"176",11188,11188,"True",4,"25+0","rating1",1236,"795-1500"
"177",467,467,"True",6,"5+5","rating1",1639,"1500-1750"
"178",10737,10737,"True",6,"5+8","rating1",1689,"1500-1750"
"179",4918,4918,"True",4,"10+0","rating1",1707,"1500-1750"
"180",39928,19870,"True",6,"7+2","rating2",1536,"1500-1750"
"181",28293,8235,"True",10,"15+10","rating2",1938,"1750-2000"
"182",10373,10373,"True",3,"10+8","rating1",801,"795-1500"
"183",12870,12870,"True",14,"10+0","rating1",1866,"1750-2000"
"184",31140,11082,"True",3,"10+0","rating2",1805,"1750-2000"
"185",33958,13900,"True",7,"10+0","rating2",1414,"795-1500"
"186",27408,7350,"True",3,"5+8","rating2",1482,"795-1500"
"187",20326,268,"True",11,"10+3","rating2",1609,"1500-1750"
"188",19951,19951,"True",3,"15+15","rating1",1606,"1500-1750"
"189",21003,945,"False",3,"30+0","rating2",1341,"795-1500"
"190",33817,13759,"True",8,"10+0","rating2",1344,"795-1500"
"191",21448,1390,"True",3,"10+0","rating2",1691,"1500-1750"
"192",6012,6012,"False",5,"15+15","rating1",2156,"2000-2574"
"193",884,884,"True",7,"10+0","rating1",2210,"2000-2574"
"194",8056,8056,"True",7,"15+0","rating1",1938,"1750-2000"
"195",27204,7146,"True",3,"20+0","rating2",1769,"1750-2000"
"196",1875,1875,"True",6,"15+10","rating1",1873,"1750-2000"
"197",37772,17714,"True",5,"8+0","rating2",1555,"1500-1750"
"198",17602,17602,"True",2,"10+8","rating1",1767,"1750-2000"
"199",19060,19060,"True",6,"10+0","rating1",1303,"795-1500"
"200",34626,14568,"True",5,"10+0","rating2",1527,"1500-1750"
"201",15961,15961,"True",3,"15+0","rating1",1811,"1750-2000"
"202",35980,15922,"True",7,"10+0","rating2",1845,"1750-2000"
"203",5894,5894,"True",4,"10+0","rating1",1821,"1750-2000"
"204",21406,1348,"True",5,"15+15","rating2",1198,"795-1500"
"205",25030,4972,"True",4,"10+0","rating2",1386,"795-1500"
"206",31042,10984,"True",4,"10+5","rating2",1504,"1500-1750"
"207",35845,15787,"True",4,"10+0","rating2",1400,"795-1500"
"208",13502,13502,"True",5,"10+0","rating1",1886,"1750-2000"
"209",31397,11339,"True",9,"10+0","rating2",1721,"1500-1750"
"210",10319,10319,"True",2,"30+0","rating1",1613,"1500-1750"
"211",27221,7163,"True",6,"10+0","rating2",1489,"795-1500"
"212",6156,6156,"True",3,"10+0","rating1",1484,"795-1500"
"213",9039,9039,"False",3,"15+0","rating1",1707,"1500-1750"
"214",8664,8664,"True",6,"10+0","rating1",1808,"1750-2000"
"215",363,363,"True",4,"10+0","rating1",1660,"1500-1750"
"216",11728,11728,"False",7,"5+8","rating1",2119,"2000-2574"
"217",6585,6585,"False",5,"30+30","rating1",1541,"1500-1750"
"218",6903,6903,"True",3,"10+0","rating1",1806,"1750-2000"
"219",20102,44,"False",3,"20+0","rating2",978,"795-1500"
"220",8065,8065,"False",5,"5+5","rating1",1610,"1500-1750"
"221",31351,11293,"True",6,"10+10","rating2",1694,"1500-1750"
"222",34498,14440,"True",7,"10+0","rating2",2075,"2000-2574"
"223",38809,18751,"True",5,"15+10","rating2",1692,"1500-1750"
"224",37441,17383,"True",2,"10+0","rating2",1803,"1750-2000"
"225",26587,6529,"False",9,"30+30","rating2",1445,"795-1500"
"226",1052,1052,"False",4,"10+10","rating1",1712,"1500-1750"
"227",31032,10974,"True",12,"5+8","rating2",1472,"795-1500"
"228",37762,17704,"True",2,"8+0","rating2",1507,"1500-1750"
"229",26582,6524,"True",5,"30+30","rating2",1445,"795-1500"
"230",8451,8451,"True",7,"10+0","rating1",2251,"2000-2574"
"231",36256,16198,"True",4,"5+5","rating2",1745,"1500-1750"
"232",20085,27,"True",4,"10+10","rating2",1038,"795-1500"
"233",34010,13952,"True",6,"7+2","rating2",1609,"1500-1750"
"234",26101,6043,"False",9,"8+0","rating2",1689,"1500-1750"
"235",8391,8391,"True",5,"10+0","rating1",2222,"2000-2574"
"236",23498,3440,"True",5,"15+0","rating2",1708,"1500-1750"
"237",24879,4821,"True",3,"15+0","rating2",1241,"795-1500"
"238",2067,2067,"True",9,"10+0","rating1",1333,"795-1500"
"239",21124,1066,"True",7,"10+0","rating2",1585,"1500-1750"
"240",6845,6845,"True",5,"10+0","rating1",2036,"2000-2574"
"241",25995,5937,"True",3,"10+0","rating2",1731,"1500-1750"
"242",16487,16487,"True",5,"5+8","rating1",1800,"1750-2000"
"243",22550,2492,"True",4,"10+0","rating2",1499,"795-1500"
"244",22369,2311,"True",11,"10+0","rating2",1969,"1750-2000"
"245",17465,17465,"True",9,"10+0","rating1",2016,"2000-2574"
"246",11485,11485,"True",4,"5+5","rating1",1015,"795-1500"
"247",8213,8213,"True",5,"10+5","rating1",1292,"795-1500"
"248",31138,11080,"False",4,"5+5","rating2",2174,"2000-2574"
"249",7296,7296,"True",4,"15+0","rating1",1500,"795-1500"
"250",187,187,"True",8,"10+0","rating1",1845,"1750-2000"
"251",16918,16918,"False",6,"15+10","rating1",2027,"2000-2574"
"252",29147,9089,"False",5,"15+0","rating2",1893,"1750-2000"
"253",22383,2325,"True",2,"10+0","rating2",2000,"1750-2000"
"254",15991,15991,"True",6,"10+2","rating1",2013,"2000-2574"
"255",39132,19074,"True",1,"10+0","rating2",1292,"795-1500"
"256",35635,15577,"True",2,"15+15","rating2",1390,"795-1500"
"257",36859,16801,"True",6,"10+10","rating2",1556,"1500-1750"
"258",39109,19051,"True",2,"10+0","rating2",1781,"1750-2000"
"259",8098,8098,"True",4,"5+5","rating1",1489,"795-1500"
"260",22911,2853,"False",5,"15+0","rating2",1700,"1500-1750"
"261",20507,449,"True",4,"10+0","rating2",1484,"795-1500"
"262",18232,18232,"True",3,"30+0","rating1",1340,"795-1500"
"263",16527,16527,"True",6,"5+5","rating1",1648,"1500-1750"
"264",28249,8191,"True",6,"10+8","rating2",1538,"1500-1750"
"265",5668,5668,"True",2,"8+0","rating1",1173,"795-1500"
"266",38675,18617,"True",3,"10+0","rating2",1748,"1500-1750"
"267",2964,2964,"True",6,"30+0","rating1",1408,"795-1500"
"268",20932,874,"True",1,"10+0","rating2",1897,"1750-2000"
"269",4667,4667,"False",4,"15+0","rating1",1609,"1500-1750"
"270",33421,13363,"False",2,"15+10","rating2",1402,"795-1500"
"271",4957,4957,"True",3,"10+0","rating1",1536,"1500-1750"
"272",38777,18719,"False",5,"8+0","rating2",1368,"795-1500"
"273",34505,14447,"True",1,"10+0","rating2",1611,"1500-1750"
"274",25493,5435,"True",2,"5+8","rating2",1770,"1750-2000"
"275",16691,16691,"True",8,"10+0","rating1",1619,"1500-1750"
"276",35162,15104,"True",10,"10+0","rating2",1453,"795-1500"
"277",39942,19884,"True",6,"10+0","rating2",1517,"1500-1750"
"278",35277,15219,"True",4,"15+0","rating2",1251,"795-1500"
"279",24547,4489,"True",6,"10+5","rating2",1801,"1750-2000"
"280",20214,156,"True",5,"7+2","rating2",1852,"1750-2000"
"281",7920,7920,"True",5,"15+0","rating1",1539,"1500-1750"
"282",32414,12356,"True",6,"8+0","rating2",1853,"1750-2000"
"283",25230,5172,"True",2,"15+0","rating2",1298,"795-1500"
"284",36558,16500,"True",5,"5+5","rating2",1786,"1750-2000"
"285",2069,2069,"True",8,"10+0","rating1",1349,"795-1500"
"286",27572,7514,"True",5,"10+0","rating2",1726,"1500-1750"
"287",8109,8109,"True",2,"15+0","rating1",1825,"1750-2000"
"288",16325,16325,"True",2,"15+15","rating1",1305,"795-1500"
"289",31923,11865,"True",5,"10+0","rating2",1937,"1750-2000"
"290",13453,13453,"True",5,"7+2","rating1",1199,"795-1500"
"291",7725,7725,"True",5,"5+5","rating1",1279,"795-1500"
"292",19388,19388,"True",3,"10+0","rating1",1962,"1750-2000"
"293",22871,2813,"True",8,"15+15","rating2",1372,"795-1500"
"294",29070,9012,"True",7,"8+0","rating2",1702,"1500-1750"
"295",39992,19934,"True",9,"15+10","rating2",1589,"1500-1750"
"296",6110,6110,"True",2,"10+0","rating1",1266,"795-1500"
"297",4116,4116,"True",1,"10+0","rating1",1531,"1500-1750"
"298",34994,14936,"True",6,"15+0","rating2",1501,"1500-1750"
"299",26520,6462,"True",6,"5+10","rating2",1519,"1500-1750"
"300",10441,10441,"True",5,"15+10","rating1",1711,"1500-1750"
"301",32127,12069,"True",1,"10+0","rating2",1624,"1500-1750"
"302",17474,17474,"True",3,"10+0","rating1",1614,"1500-1750"
"303",3291,3291,"True",4,"7+2","rating1",1290,"795-1500"
"304",34228,14170,"False",3,"10+0","rating2",1461,"795-1500"
"305",26564,6506,"True",1,"10+0","rating2",1812,"1750-2000"
"306",1659,1659,"True",2,"10+0","rating1",1278,"795-1500"
"307",18474,18474,"True",4,"10+0","rating1",1581,"1500-1750"
"308",1468,1468,"False",2,"10+5","rating1",1401,"795-1500"
"309",30679,10621,"True",5,"10+15","rating2",1583,"1500-1750"
"310",14488,14488,"True",3,"10+0","rating1",1364,"795-1500"
"311",36114,16056,"True",5,"8+0","rating2",1500,"795-1500"
"312",4488,4488,"True",6,"5+5","rating1",1587,"1500-1750"
"313",34532,14474,"True",5,"10+0","rating2",1760,"1750-2000"
"314",7954,7954,"True",8,"15+0","rating1",1425,"795-1500"
"315",21393,1335,"False",9,"15+5","rating2",1104,"795-1500"
"316",24821,4763,"True",2,"10+10","rating2",1884,"1750-2000"
"317",21985,1927,"True",6,"10+0","rating2",1848,"1750-2000"
"318",20336,278,"False",5,"10+0","rating2",1613,"1500-1750"
"319",11105,11105,"True",3,"10+0","rating1",1692,"1500-1750"
"320",18829,18829,"True",4,"15+5","rating1",1185,"795-1500"
"321",16935,16935,"True",3,"10+0","rating1",1552,"1500-1750"
"322",9413,9413,"True",9,"10+0","rating1",1795,"1750-2000"
"323",36458,16400,"False",5,"15+0","rating2",1513,"1500-1750"
"324",17719,17719,"True",2,"10+0","rating1",1546,"1500-1750"
"325",25640,5582,"True",4,"15+15","rating2",1918,"1750-2000"
"326",8118,8118,"True",4,"15+0","rating1",1705,"1500-1750"
"327",11694,11694,"True",3,"10+0","rating1",1478,"795-1500"
"328",18138,18138,"True",5,"20+0","rating1",1209,"795-1500"
"329",37761,17703,"True",2,"8+0","rating2",1535,"1500-1750"
"330",13862,13862,"False",2,"10+0","rating1",1536,"1500-1750"
"331",34495,14437,"True",9,"10+0","rating2",1334,"795-1500"
"332",12259,12259,"True",8,"10+0","rating1",1568,"1500-1750"
"333",32657,12599,"True",3,"10+0","rating2",1513,"1500-1750"
"334",2223,2223,"False",4,"25+0","rating1",1555,"1500-1750"
"335",29002,8944,"True",4,"15+0","rating2",1022,"795-1500"
"336",39964,19906,"True",4,"10+0","rating2",1558,"1500-1750"
"337",25048,4990,"True",2,"10+0","rating2",1815,"1750-2000"
"338",5486,5486,"False",5,"15+0","rating1",1500,"795-1500"
"339",905,905,"True",5,"10+10","rating1",1500,"795-1500"
"340",5649,5649,"False",8,"5+5","rating1",1630,"1500-1750"
"341",4298,4298,"True",5,"10+0","rating1",1705,"1500-1750"
"342",37642,17584,"True",4,"30+30","rating2",1716,"1500-1750"
"343",17320,17320,"True",4,"15+10","rating1",1704,"1500-1750"
"344",16590,16590,"True",5,"10+0","rating1",1648,"1500-1750"
"345",16750,16750,"False",3,"15+0","rating1",1621,"1500-1750"
"346",12994,12994,"True",9,"10+0","rating1",1701,"1500-1750"
"347",11815,11815,"True",9,"10+0","rating1",2135,"2000-2574"
"348",1579,1579,"False",3,"10+0","rating1",1170,"795-1500"
"349",8099,8099,"False",2,"5+5","rating1",1188,"795-1500"
"350",25465,5407,"False",4,"10+0","rating2",2294,"2000-2574"
"351",10311,10311,"True",14,"10+0","rating1",2315,"2000-2574"
"352",16377,16377,"True",9,"15+0","rating1",1877,"1750-2000"
"353",31201,11143,"True",6,"5+5","rating2",1626,"1500-1750"
"354",28602,8544,"True",11,"10+0","rating2",1917,"1750-2000"
"355",38202,18144,"True",3,"20+0","rating2",1368,"795-1500"
"356",9956,9956,"True",1,"5+5","rating1",988,"795-1500"
"357",30057,9999,"True",4,"30+0","rating2",1690,"1500-1750"
"358",29723,9665,"False",3,"8+0","rating2",1465,"795-1500"
"359",16860,16860,"True",3,"10+5","rating1",1462,"795-1500"
"360",38604,18546,"True",2,"5+5","rating2",1617,"1500-1750"
"361",1105,1105,"True",1,"5+8","rating1",858,"795-1500"
"362",20929,871,"True",4,"10+5","rating2",1688,"1500-1750"
"363",30479,10421,"False",3,"10+10","rating2",1485,"795-1500"
"364",36505,16447,"True",5,"10+0","rating2",1506,"1500-1750"
"365",30995,10937,"True",4,"20+0","rating2",1301,"795-1500"
"366",340,340,"True",6,"10+0","rating1",1414,"795-1500"
"367",31961,11903,"True",8,"15+0","rating2",1734,"1500-1750"
"368",33929,13871,"False",3,"10+0","rating2",1557,"1500-1750"
"369",39396,19338,"True",7,"15+15","rating2",2117,"2000-2574"
"370",9314,9314,"False",8,"15+10","rating1",1504,"1500-1750"
"371",560,560,"True",5,"15+15","rating1",1171,"795-1500"
"372",37674,17616,"False",3,"15+0","rating2",1500,"795-1500"
"373",5766,5766,"True",7,"15+0","rating1",1823,"1750-2000"
"374",9051,9051,"False",1,"10+0","rating1",1500,"795-1500"
"375",2413,2413,"True",2,"10+5","rating1",1642,"1500-1750"
"376",11500,11500,"False",2,"15+0","rating1",844,"795-1500"
"377",35324,15266,"True",2,"10+0","rating2",1934,"1750-2000"
"378",22862,2804,"True",8,"15+15","rating2",1390,"795-1500"
"379",31755,11697,"True",4,"10+0","rating2",1497,"795-1500"
"380",24176,4118,"True",3,"10+0","rating2",1493,"795-1500"
"381",4390,4390,"True",5,"10+0","rating1",1791,"1750-2000"
"382",14344,14344,"True",7,"10+0","rating1",1635,"1500-1750"
"383",1846,1846,"False",6,"15+0","rating1",1918,"1750-2000"
"384",35010,14952,"True",7,"15+0","rating2",1454,"795-1500"
"385",6143,6143,"True",3,"10+0","rating1",1648,"1500-1750"
"386",35426,15368,"False",5,"10+3","rating2",1682,"1500-1750"
"387",36700,16642,"True",8,"10+0","rating2",2011,"2000-2574"
"388",7413,7413,"True",4,"8+0","rating1",1640,"1500-1750"
"389",28195,8137,"False",4,"5+5","rating2",1979,"1750-2000"
"390",22181,2123,"True",3,"10+8","rating2",1465,"795-1500"
"391",3552,3552,"True",6,"10+0","rating1",1455,"795-1500"
"392",14454,14454,"True",4,"10+0","rating1",1759,"1750-2000"
"393",20711,653,"True",15,"10+0","rating2",2017,"2000-2574"
"394",27219,7161,"True",6,"10+0","rating2",1480,"795-1500"
"395",39108,19050,"True",7,"30+30","rating2",1858,"1750-2000"
"396",30778,10720,"False",3,"5+5","rating2",1459,"795-1500"
"397",5941,5941,"True",2,"10+0","rating1",1389,"795-1500"
"398",6167,6167,"True",6,"20+0","rating1",1670,"1500-1750"
"399",13140,13140,"True",6,"5+5","rating1",1985,"1750-2000"
"400",25266,5208,"True",4,"10+3","rating2",1655,"1500-1750"
"401",35427,15369,"False",3,"10+0","rating2",1500,"795-1500"
"402",11921,11921,"True",16,"10+0","rating1",1868,"1750-2000"
"403",4792,4792,"True",5,"10+0","rating1",1580,"1500-1750"
"404",13868,13868,"False",7,"10+10","rating1",1536,"1500-1750"
"405",18364,18364,"True",6,"10+0","rating1",1615,"1500-1750"
"406",37044,16986,"True",3,"10+0","rating2",1440,"795-1500"
"407",4978,4978,"True",6,"10+0","rating1",1429,"795-1500"
"408",26395,6337,"True",2,"5+8","rating2",1406,"795-1500"
"409",23761,3703,"True",10,"10+5","rating2",1432,"795-1500"
"410",6436,6436,"True",1,"15+15","rating1",1477,"795-1500"
"411",36662,16604,"True",2,"10+0","rating2",1886,"1750-2000"
"412",33557,13499,"True",10,"10+0","rating2",1956,"1750-2000"
"413",6335,6335,"True",3,"5+8","rating1",1459,"795-1500"
"414",12802,12802,"False",5,"15+15","rating1",1621,"1500-1750"
"415",22853,2795,"True",3,"10+0","rating2",1142,"795-1500"
"416",5587,5587,"True",3,"10+0","rating1",1964,"1750-2000"
"417",7426,7426,"False",3,"10+8","rating1",1500,"795-1500"
"418",26763,6705,"True",4,"10+0","rating2",1437,"795-1500"
"419",22848,2790,"True",9,"10+0","rating2",1258,"795-1500"
"420",35064,15006,"True",8,"10+8","rating2",1621,"1500-1750"
"421",4218,4218,"True",5,"10+10","rating1",1780,"1750-2000"
"422",24388,4330,"False",3,"10+0","rating2",1205,"795-1500"
"423",21225,1167,"True",3,"15+5","rating2",1057,"795-1500"
"424",4940,4940,"True",5,"5+8","rating1",1631,"1500-1750"
"425",35767,15709,"True",3,"10+0","rating2",1370,"795-1500"
"426",32194,12136,"True",4,"10+0","rating2",1648,"1500-1750"
"427",25568,5510,"True",9,"5+8","rating2",2170,"2000-2574"
"428",18874,18874,"True",5,"30+30","rating1",2335,"2000-2574"
"429",6043,6043,"False",9,"8+0","rating1",1564,"1500-1750"
"430",25824,5766,"True",7,"15+0","rating2",1868,"1750-2000"
"431",34858,14800,"True",3,"10+0","rating2",1284,"795-1500"
"432",9407,9407,"False",6,"10+0","rating1",1479,"795-1500"
"433",26324,6266,"True",6,"10+2","rating2",950,"795-1500"
"434",20612,554,"True",10,"15+15","rating2",1293,"795-1500"
"435",1611,1611,"True",8,"10+0","rating1",1306,"795-1500"
"436",28574,8516,"True",3,"10+0","rating2",1408,"795-1500"
"437",8163,8163,"True",2,"20+0","rating1",2017,"2000-2574"
"438",23286,3228,"True",5,"10+0","rating2",1104,"795-1500"
"439",39002,18944,"True",8,"8+0","rating2",1547,"1500-1750"
"440",35027,14969,"True",3,"10+0","rating2",1891,"1750-2000"
"441",2358,2358,"False",2,"10+0","rating1",897,"795-1500"
"442",9052,9052,"False",4,"10+0","rating1",1677,"1500-1750"
"443",10726,10726,"True",2,"5+5","rating1",1571,"1500-1750"
"444",25883,5825,"True",7,"8+0","rating2",1646,"1500-1750"
"445",11950,11950,"True",3,"10+0","rating1",1636,"1500-1750"
"446",30796,10738,"True",2,"10+10","rating2",1500,"795-1500"
"447",37769,17711,"True",2,"8+0","rating2",1564,"1500-1750"
"448",24602,4544,"False",2,"30+30","rating2",2003,"2000-2574"
"449",4773,4773,"True",3,"10+0","rating1",1542,"1500-1750"
"450",35442,15384,"True",10,"10+0","rating2",1897,"1750-2000"
"451",32438,12380,"True",2,"15+5","rating2",1749,"1500-1750"
"452",2520,2520,"False",5,"10+0","rating1",2005,"2000-2574"
"453",37085,17027,"True",6,"10+3","rating2",1383,"795-1500"
"454",13109,13109,"True",4,"10+5","rating1",1908,"1750-2000"
"455",11735,11735,"True",7,"10+0","rating1",1928,"1750-2000"
"456",31486,11428,"True",5,"10+0","rating2",1875,"1750-2000"
"457",10352,10352,"True",8,"5+5","rating1",1939,"1750-2000"
"458",3731,3731,"True",3,"10+0","rating1",1500,"795-1500"
"459",22282,2224,"False",2,"25+0","rating2",1555,"1500-1750"
"460",10010,10010,"True",4,"30+0","rating1",1695,"1500-1750"
"461",33111,13053,"False",2,"20+0","rating2",1023,"795-1500"
"462",33044,12986,"True",9,"10+0","rating2",1856,"1750-2000"
"463",36314,16256,"False",5,"10+0","rating2",1513,"1500-1750"
"464",28098,8040,"True",2,"10+0","rating2",1462,"795-1500"
"465",19474,19474,"True",3,"10+0","rating1",1766,"1750-2000"
"466",15456,15456,"True",7,"10+0","rating1",1462,"795-1500"
"467",15790,15790,"True",2,"10+0","rating1",1368,"795-1500"
"468",7148,7148,"True",4,"20+0","rating1",1224,"795-1500"
"469",34884,14826,"False",4,"15+0","rating2",1315,"795-1500"
"470",1470,1470,"False",11,"10+5","rating1",1588,"1500-1750"
"471",25894,5836,"True",7,"15+15","rating2",1650,"1500-1750"
"472",7607,7607,"True",4,"10+0","rating1",2273,"2000-2574"
"473",27485,7427,"False",1,"10+8","rating2",1500,"795-1500"
"474",21547,1489,"True",6,"20+10","rating2",1407,"795-1500"
"475",39976,19918,"True",4,"30+30","rating2",1650,"1500-1750"
"476",1878,1878,"True",3,"15+10","rating1",1839,"1750-2000"
"477",3959,3959,"True",4,"10+5","rating1",2276,"2000-2574"
"478",28657,8599,"True",3,"15+0","rating2",1768,"1750-2000"
"479",37723,17665,"True",11,"10+5","rating2",1514,"1500-1750"
"480",32160,12102,"True",4,"10+0","rating2",1234,"795-1500"
"481",2286,2286,"True",2,"10+0","rating1",2008,"2000-2574"
"482",31461,11403,"True",12,"10+0","rating2",1805,"1750-2000"
"483",22987,2929,"True",5,"30+0","rating2",1191,"795-1500"
"484",979,979,"True",5,"10+0","rating1",1613,"1500-1750"
"485",4056,4056,"True",6,"5+10","rating1",1734,"1500-1750"
"486",21838,1780,"True",4,"5+8","rating2",1579,"1500-1750"
"487",20521,463,"True",6,"5+5","rating2",1621,"1500-1750"
"488",38872,18814,"True",4,"15+0","rating2",1244,"795-1500"
"489",3192,3192,"True",4,"10+0","rating1",1732,"1500-1750"
"490",30926,10868,"False",2,"15+0","rating2",927,"795-1500"
"491",19344,19344,"True",10,"15+15","rating1",1500,"795-1500"
"492",11357,11357,"True",6,"10+2","rating1",1302,"795-1500"
"493",22728,2670,"True",9,"15+15","rating2",1285,"795-1500"
"494",9015,9015,"True",7,"10+0","rating1",1765,"1750-2000"
"495",37255,17197,"True",7,"8+0","rating2",1532,"1500-1750"
"496",24759,4701,"False",3,"10+0","rating2",1932,"1750-2000"
"497",8057,8057,"True",7,"15+0","rating1",1862,"1750-2000"
"498",2362,2362,"False",2,"10+0","rating1",1099,"795-1500"
"499",22299,2241,"True",13,"10+0","rating2",2264,"2000-2574"
"500",39944,19886,"True",3,"10+0","rating2",1550,"1500-1750"
"501",32959,12901,"True",6,"15+15","rating2",1559,"1500-1750"
"502",18226,18226,"True",3,"15+5","rating1",1627,"1500-1750"
"503",39737,19679,"False",7,"5+5","rating2",1006,"795-1500"
"504",28322,8264,"True",2,"10+0","rating2",1808,"1750-2000"
"505",27807,7749,"True",4,"10+0","rating2",1519,"1500-1750"
"506",19207,19207,"True",6,"10+0","rating1",1375,"795-1500"
"507",24803,4745,"True",7,"5+8","rating2",1750,"1500-1750"
"508",17267,17267,"False",8,"10+5","rating1",1551,"1500-1750"
"509",33084,13026,"True",5,"15+10","rating2",1218,"795-1500"
"510",20447,389,"True",3,"10+0","rating2",1068,"795-1500"
"511",11170,11170,"True",3,"25+0","rating1",1357,"795-1500"
"512",11883,11883,"True",5,"10+0","rating1",1840,"1750-2000"
"513",4787,4787,"True",2,"10+0","rating1",1651,"1500-1750"
"514",24118,4060,"False",10,"5+8","rating2",1780,"1750-2000"
"515",12959,12959,"True",1,"10+0","rating1",1789,"1750-2000"
"516",27536,7478,"True",4,"15+0","rating2",1430,"795-1500"
"517",9838,9838,"True",5,"10+5","rating1",1382,"795-1500"
"518",11743,11743,"True",5,"15+15","rating1",1706,"1500-1750"
"519",1267,1267,"False",4,"10+0","rating1",1199,"795-1500"
"520",37426,17368,"True",1,"10+15","rating2",1729,"1500-1750"
"521",11141,11141,"False",4,"5+8","rating1",1306,"795-1500"
"522",16853,16853,"True",2,"10+0","rating1",1728,"1500-1750"
"523",8228,8228,"True",7,"10+0","rating1",2011,"2000-2574"
"524",5648,5648,"False",8,"5+5","rating1",1596,"1500-1750"
"525",11865,11865,"True",5,"10+0","rating1",1828,"1750-2000"
"526",34248,14190,"False",10,"8+0","rating2",1318,"795-1500"
"527",12501,12501,"True",10,"15+10","rating1",2107,"2000-2574"
"528",14141,14141,"True",5,"15+0","rating1",1674,"1500-1750"
"529",2090,2090,"True",6,"5+8","rating1",1349,"795-1500"
"530",12121,12121,"True",6,"10+0","rating1",1500,"795-1500"
"531",23383,3325,"False",5,"30+0","rating2",1704,"1500-1750"
"532",6174,6174,"True",4,"10+0","rating1",1478,"795-1500"
"533",31363,11305,"True",9,"10+5","rating2",1607,"1500-1750"
"534",5940,5940,"True",7,"10+0","rating1",1475,"795-1500"
"535",11214,11214,"True",2,"10+0","rating1",2072,"2000-2574"
"536",13161,13161,"True",4,"10+0","rating1",1434,"795-1500"
"537",1229,1229,"True",6,"10+0","rating1",1257,"795-1500"
"538",1084,1084,"True",7,"10+0","rating1",1997,"1750-2000"
"539",38839,18781,"True",9,"15+10","rating2",1731,"1500-1750"
"540",17339,17339,"True",6,"10+0","rating1",1694,"1500-1750"
"541",10784,10784,"False",15,"5+5","rating1",1930,"1750-2000"
"542",1257,1257,"True",8,"15+0","rating1",1263,"795-1500"
"543",23823,3765,"True",6,"10+0","rating2",1143,"795-1500"
"544",25441,5383,"True",4,"10+0","rating2",1306,"795-1500"
"545",1766,1766,"True",3,"10+0","rating1",1355,"795-1500"
"546",3200,3200,"True",8,"10+0","rating1",1638,"1500-1750"
"547",12124,12124,"False",10,"5+5","rating1",1670,"1500-1750"
"548",13068,13068,"True",11,"10+0","rating1",1841,"1750-2000"
"549",16192,16192,"True",8,"5+5","rating1",1739,"1500-1750"
"550",708,708,"True",7,"10+0","rating1",1263,"795-1500"
"551",20783,725,"True",6,"10+0","rating2",1421,"795-1500"
"552",35483,15425,"True",7,"10+0","rating2",1555,"1500-1750"
"553",35696,15638,"True",3,"15+0","rating2",1588,"1500-1750"
"554",35294,15236,"True",7,"10+0","rating2",1724,"1500-1750"
"555",20505,447,"True",2,"10+0","rating2",1502,"1500-1750"
"556",24306,4248,"False",5,"10+5","rating2",1393,"795-1500"
"557",20274,216,"False",4,"15+0","rating2",1211,"795-1500"
"558",13931,13931,"True",1,"10+0","rating1",1477,"795-1500"
"559",19573,19573,"True",5,"15+15","rating1",1511,"1500-1750"
"560",22569,2511,"False",4,"30+0","rating2",1364,"795-1500"
"561",12965,12965,"True",1,"10+0","rating1",1781,"1750-2000"
"562",17045,17045,"True",4,"5+5","rating1",1375,"795-1500"
"563",12389,12389,"False",6,"8+0","rating1",1502,"1500-1750"
"564",10002,10002,"True",7,"30+0","rating1",1675,"1500-1750"
"565",30998,10940,"True",4,"5+5","rating2",1256,"795-1500"
"566",34741,14683,"True",4,"10+0","rating2",1383,"795-1500"
"567",26494,6436,"True",1,"15+15","rating2",1494,"795-1500"
"568",10204,10204,"True",5,"5+5","rating1",2183,"2000-2574"
"569",27111,7053,"False",5,"10+2","rating2",1360,"795-1500"
"570",10360,10360,"True",3,"10+0","rating1",1648,"1500-1750"
"571",1305,1305,"False",5,"10+0","rating1",1585,"1500-1750"
"572",23315,3257,"False",6,"10+0","rating2",1480,"795-1500"
"573",7015,7015,"False",2,"10+10","rating1",1278,"795-1500"
"574",24669,4611,"True",6,"5+5","rating2",1411,"795-1500"
"575",4217,4217,"True",5,"5+10","rating1",1155,"795-1500"
"576",28467,8409,"False",2,"30+0","rating2",1571,"1500-1750"
"577",20394,336,"True",3,"10+0","rating2",1643,"1500-1750"
"578",8921,8921,"True",5,"10+0","rating1",1850,"1750-2000"
"579",31410,11352,"True",1,"10+0","rating2",1695,"1500-1750"
"580",27871,7813,"True",9,"10+0","rating2",1852,"1750-2000"
"581",28617,8559,"True",7,"10+0","rating2",2032,"2000-2574"
"582",7284,7284,"True",6,"10+0","rating1",1389,"795-1500"
"583",18928,18928,"True",2,"10+0","rating1",1446,"795-1500"
"584",2616,2616,"True",3,"5+5","rating1",1382,"795-1500"
"585",11083,11083,"True",3,"10+0","rating1",1798,"1750-2000"
"586",32774,12716,"True",5,"10+0","rating2",1938,"1750-2000"
"587",12222,12222,"True",2,"10+0","rating1",1969,"1750-2000"
"588",36235,16177,"False",6,"5+5","rating2",1943,"1750-2000"
"589",38338,18280,"True",2,"10+0","rating2",1448,"795-1500"
"590",8583,8583,"True",2,"15+0","rating1",1807,"1750-2000"
"591",25103,5045,"True",3,"8+0","rating2",2145,"2000-2574"
"592",17537,17537,"True",6,"8+0","rating1",1980,"1750-2000"
"593",1595,1595,"True",5,"10+0","rating1",1367,"795-1500"
"594",11951,11951,"True",2,"10+0","rating1",1686,"1500-1750"
"595",6581,6581,"True",7,"10+0","rating1",1746,"1500-1750"
"596",8925,8925,"True",4,"15+0","rating1",1814,"1750-2000"
"597",27189,7131,"True",6,"10+0","rating2",1901,"1750-2000"
"598",13377,13377,"True",2,"15+10","rating1",1433,"795-1500"
"599",12365,12365,"True",3,"10+0","rating1",1383,"795-1500"
"600",15548,15548,"True",7,"10+0","rating1",1762,"1750-2000"
"601",12502,12502,"True",8,"15+15","rating1",1935,"1750-2000"
"602",12667,12667,"True",4,"15+5","rating1",1702,"1500-1750"
"603",19395,19395,"True",3,"5+10","rating1",1650,"1500-1750"
"604",12219,12219,"True",1,"10+0","rating1",1949,"1750-2000"
"605",20776,718,"False",5,"15+0","rating2",1490,"795-1500"
"606",12888,12888,"True",11,"10+0","rating1",1927,"1750-2000"
"607",11143,11143,"True",6,"5+5","rating1",1500,"795-1500"
"608",9922,9922,"False",3,"10+5","rating1",1280,"795-1500"
"609",21840,1782,"True",4,"10+0","rating2",1568,"1500-1750"
"610",11494,11494,"True",2,"10+0","rating1",784,NA
"611",26429,6371,"True",3,"10+0","rating2",1602,"1500-1750"
"612",37439,17381,"True",5,"10+0","rating2",1744,"1500-1750"
"613",16186,16186,"True",3,"5+5","rating1",1744,"1500-1750"
"614",9111,9111,"True",5,"10+0","rating1",1525,"1500-1750"
"615",2310,2310,"True",4,"10+0","rating1",1973,"1750-2000"
"616",16215,16215,"True",4,"10+0","rating1",1019,"795-1500"
"617",10733,10733,"False",3,"5+8","rating1",1487,"795-1500"
"618",1741,1741,"True",3,"10+0","rating1",1576,"1500-1750"
"619",35465,15407,"False",5,"30+30","rating2",1157,"795-1500"
"620",36991,16933,"True",7,"10+0","rating2",1559,"1500-1750"
"621",37523,17465,"True",9,"10+0","rating2",2180,"2000-2574"
"622",1705,1705,"True",6,"15+15","rating1",1038,"795-1500"
"623",760,760,"True",3,"5+8","rating1",1415,"795-1500"
"624",22086,2028,"True",4,"5+8","rating2",1045,"795-1500"
"625",26306,6248,"True",4,"10+0","rating2",1703,"1500-1750"
"626",35984,15926,"True",7,"10+0","rating2",1858,"1750-2000"
"627",8803,8803,"True",1,"15+15","rating1",1498,"795-1500"
"628",36793,16735,"True",2,"15+0","rating2",1543,"1500-1750"
"629",16793,16793,"True",7,"5+8","rating1",1693,"1500-1750"
"630",36364,16306,"True",7,"10+2","rating2",1297,"795-1500"
"631",14930,14930,"True",3,"15+0","rating1",1343,"795-1500"
"632",6243,6243,"True",4,"8+0","rating1",1857,"1750-2000"
"633",39495,19437,"True",5,"10+0","rating2",1713,"1500-1750"
"634",14601,14601,"True",8,"10+5","rating1",1908,"1750-2000"
"635",32638,12580,"True",4,"10+0","rating2",1716,"1500-1750"
"636",32198,12140,"True",6,"10+0","rating2",1436,"795-1500"
"637",17117,17117,"True",3,"15+0","rating1",1371,"795-1500"
"638",11934,11934,"True",3,"8+0","rating1",2125,"2000-2574"
"639",1403,1403,"True",6,"10+0","rating1",1853,"1750-2000"
"640",231,231,"True",5,"10+0","rating1",1568,"1500-1750"
"641",28480,8422,"True",3,"10+0","rating2",2215,"2000-2574"
"642",35505,15447,"True",5,"10+0","rating2",1466,"795-1500"
"643",23234,3176,"True",3,"10+0","rating2",1569,"1500-1750"
"644",19746,19746,"False",5,"10+0","rating1",1010,"795-1500"
"645",3021,3021,"True",1,"10+0","rating1",1313,"795-1500"
"646",30667,10609,"True",8,"15+10","rating2",1500,"795-1500"
"647",23816,3758,"True",5,"10+0","rating2",1160,"795-1500"
"648",26534,6476,"True",3,"5+10","rating2",1420,"795-1500"
"649",34113,14055,"True",3,"15+0","rating2",1487,"795-1500"
"650",27588,7530,"True",10,"10+2","rating2",1609,"1500-1750"
"651",39611,19553,"True",3,"15+15","rating2",1604,"1500-1750"
"652",20680,622,"False",10,"10+15","rating2",1099,"795-1500"
"653",14805,14805,"True",5,"10+0","rating1",1273,"795-1500"
"654",7373,7373,"True",4,"10+0","rating1",1697,"1500-1750"
"655",39315,19257,"True",5,"10+0","rating2",1137,"795-1500"
"656",34545,14487,"False",8,"10+5","rating2",1779,"1750-2000"
"657",33858,13800,"True",3,"10+0","rating2",1816,"1750-2000"
"658",24440,4382,"True",3,"10+0","rating2",1789,"1750-2000"
"659",8911,8911,"True",2,"15+0","rating1",1710,"1500-1750"
"660",39919,19861,"False",7,"10+0","rating2",1443,"795-1500"
"661",9911,9911,"True",2,"7+2","rating1",1425,"795-1500"
"662",18843,18843,"True",6,"5+8","rating1",1162,"795-1500"
"663",29187,9129,"True",4,"15+15","rating2",1676,"1500-1750"
"664",15170,15170,"True",2,"5+8","rating1",1313,"795-1500"
"665",35986,15928,"True",6,"10+0","rating2",1764,"1750-2000"
"666",11042,11042,"True",5,"30+0","rating1",1500,"795-1500"
"667",39139,19081,"True",3,"7+2","rating2",1232,"795-1500"
"668",33590,13532,"True",8,"10+0","rating2",1383,"795-1500"
"669",24367,4309,"True",18,"7+2","rating2",1302,"795-1500"
"670",38606,18548,"True",7,"5+5","rating2",1607,"1500-1750"
"671",13101,13101,"True",3,"25+0","rating1",1565,"1500-1750"
"672",39985,19927,"True",3,"20+0","rating2",1680,"1500-1750"
"673",1534,1534,"True",3,"10+0","rating1",1437,"795-1500"
"674",1092,1092,"True",10,"10+0","rating1",2179,"2000-2574"
"675",18572,18572,"True",11,"10+0","rating1",1533,"1500-1750"
"676",11428,11428,"True",5,"10+0","rating1",1888,"1750-2000"
"677",20891,833,"True",1,"10+0","rating2",1618,"1500-1750"
"678",14677,14677,"True",5,"10+0","rating1",1638,"1500-1750"
"679",39902,19844,"False",3,"10+0","rating2",1500,"795-1500"
"680",34732,14674,"True",7,"10+0","rating2",2434,"2000-2574"
"681",5945,5945,"True",2,"7+2","rating1",1791,"1750-2000"
"682",3950,3950,"True",2,"5+8","rating1",1106,"795-1500"
"683",30494,10436,"False",5,"8+0","rating2",1727,"1500-1750"
"684",21323,1265,"False",6,"10+0","rating2",1501,"1500-1750"
"685",3775,3775,"False",4,"5+10","rating1",1660,"1500-1750"
"686",36841,16783,"True",9,"10+0","rating2",1550,"1500-1750"
"687",6877,6877,"False",3,"30+0","rating1",1424,"795-1500"
"688",13302,13302,"True",6,"10+0","rating1",1442,"795-1500"
"689",17582,17582,"True",5,"30+30","rating1",1711,"1500-1750"
"690",35258,15200,"False",2,"15+0","rating2",1584,"1500-1750"
"691",29836,9778,"True",4,"15+15","rating2",1500,"795-1500"
"692",24430,4372,"True",3,"10+0","rating2",1832,"1750-2000"
"693",39834,19776,"True",3,"10+0","rating2",1834,"1750-2000"
"694",14019,14019,"True",3,"10+0","rating1",1339,"795-1500"
"695",37437,17379,"True",4,"10+0","rating2",1904,"1750-2000"
"696",25956,5898,"True",2,"10+0","rating2",2172,"2000-2574"
"697",4022,4022,"True",2,"5+5","rating1",1930,"1750-2000"
"698",34836,14778,"True",7,"10+0","rating2",1374,"795-1500"
"699",29687,9629,"False",2,"15+0","rating2",1500,"795-1500"
"700",1929,1929,"True",10,"10+0","rating1",1862,"1750-2000"
"701",35333,15275,"True",8,"10+0","rating2",1957,"1750-2000"
"702",10435,10435,"False",1,"5+8","rating1",1678,"1500-1750"
"703",355,355,"True",4,"10+0","rating1",1995,"1750-2000"
"704",26988,6930,"True",4,"10+2","rating2",1674,"1500-1750"
"705",12231,12231,"True",10,"10+0","rating1",1455,"795-1500"
"706",15538,15538,"True",11,"10+0","rating1",1727,"1500-1750"
"707",4176,4176,"True",3,"5+8","rating1",1471,"795-1500"
"708",29475,9417,"True",3,"5+8","rating2",1779,"1750-2000"
"709",38030,17972,"False",5,"5+5","rating2",2105,"2000-2574"
"710",20807,749,"False",4,"5+5","rating2",1408,"795-1500"
"711",33549,13491,"True",7,"10+0","rating2",1244,"795-1500"
"712",33497,13439,"False",6,"15+0","rating2",1384,"795-1500"
"713",22431,2373,"True",7,"15+15","rating2",1098,"795-1500"
"714",21218,1160,"False",4,"10+0","rating2",1501,"1500-1750"
"715",35298,15240,"True",4,"10+0","rating2",1878,"1750-2000"
"716",24047,3989,"True",3,"15+0","rating2",1278,"795-1500"
"717",32713,12655,"True",10,"10+0","rating2",2018,"2000-2574"
"718",9992,9992,"True",5,"7+2","rating1",2263,"2000-2574"
"719",38557,18499,"True",11,"10+10","rating2",1837,"1750-2000"
"720",19899,19899,"True",2,"10+0","rating1",1561,"1500-1750"
"721",37739,17681,"True",3,"10+10","rating2",1368,"795-1500"
"722",35033,14975,"True",4,"10+0","rating2",1903,"1750-2000"
"723",24624,4566,"True",2,"10+0","rating2",1286,"795-1500"
"724",2250,2250,"True",5,"10+0","rating1",2264,"2000-2574"
"725",2024,2024,"True",3,"5+8","rating1",1043,"795-1500"
"726",26208,6150,"True",2,"20+0","rating2",1782,"1750-2000"
"727",6891,6891,"False",6,"10+0","rating1",1377,"795-1500"
"728",40038,19980,"True",1,"30+30","rating2",2050,"2000-2574"
"729",20370,312,"False",1,"15+0","rating2",1475,"795-1500"
"730",27922,7864,"True",3,"10+0","rating2",1713,"1500-1750"
"731",16178,16178,"True",6,"5+5","rating1",1943,"1750-2000"
"732",11626,11626,"False",2,"15+15","rating1",1500,"795-1500"
"733",36100,16042,"False",5,"20+0","rating2",1868,"1750-2000"
"734",9996,9996,"True",17,"8+0","rating1",2229,"2000-2574"
"735",8823,8823,"True",5,"10+8","rating1",1909,"1750-2000"
"736",7490,7490,"True",3,"10+0","rating1",1583,"1500-1750"
"737",25216,5158,"False",4,"15+0","rating2",1500,"795-1500"
"738",23112,3054,"True",10,"10+0","rating2",1637,"1500-1750"
"739",20424,366,"True",8,"15+0","rating2",1921,"1750-2000"
"740",34925,14867,"False",1,"10+2","rating2",1609,"1500-1750"
"741",37314,17256,"True",8,"10+0","rating2",1691,"1500-1750"
"742",11116,11116,"False",4,"10+0","rating1",1375,"795-1500"
"743",6147,6147,"True",9,"10+0","rating1",1679,"1500-1750"
"744",4420,4420,"False",5,"10+5","rating1",1884,"1750-2000"
"745",3365,3365,"True",6,"10+0","rating1",1612,"1500-1750"
"746",29868,9810,"True",5,"10+5","rating2",1736,"1500-1750"
"747",8283,8283,"True",3,"8+0","rating1",1788,"1750-2000"
"748",22777,2719,"True",4,"10+0","rating2",1695,"1500-1750"
"749",4678,4678,"False",3,"20+0","rating1",1500,"795-1500"
"750",3458,3458,"False",6,"10+0","rating1",1654,"1500-1750"
"751",29727,9669,"True",8,"15+0","rating2",1977,"1750-2000"
"752",31589,11531,"True",3,"10+0","rating2",1157,"795-1500"
"753",17521,17521,"True",10,"15+0","rating1",1954,"1750-2000"
"754",14792,14792,"True",7,"10+0","rating1",1383,"795-1500"
"755",33967,13909,"True",3,"10+0","rating2",1446,"795-1500"
"756",20823,765,"True",4,"8+0","rating2",1809,"1750-2000"
"757",3565,3565,"True",3,"15+10","rating1",1799,"1750-2000"
"758",4263,4263,"True",2,"10+0","rating1",1141,"795-1500"
"759",12229,12229,"True",3,"10+0","rating1",1417,"795-1500"
"760",24741,4683,"False",4,"15+0","rating2",1866,"1750-2000"
"761",34002,13944,"False",4,"30+0","rating2",1424,"795-1500"
"762",13794,13794,"True",10,"10+0","rating1",1810,"1750-2000"
"763",17822,17822,"False",6,"10+0","rating1",1500,"795-1500"
"764",5443,5443,"False",7,"20+0","rating1",1530,"1500-1750"
"765",39820,19762,"True",3,"10+0","rating2",1850,"1750-2000"
"766",34860,14802,"True",4,"10+0","rating2",1492,"795-1500"
"767",22361,2303,"True",2,"10+0","rating2",1907,"1750-2000"
"768",19566,19566,"True",3,"15+15","rating1",1561,"1500-1750"
"769",2584,2584,"False",4,"20+0","rating1",1309,"795-1500"
"770",36690,16632,"True",8,"5+8","rating2",1453,"795-1500"
"771",30857,10799,"True",4,"10+10","rating2",1202,"795-1500"
"772",7352,7352,"True",2,"5+8","rating1",1481,"795-1500"
"773",21040,982,"False",7,"5+8","rating2",1412,"795-1500"
"774",22053,1995,"True",1,"10+0","rating2",1636,"1500-1750"
"775",11966,11966,"True",4,"10+0","rating1",1500,"795-1500"
"776",32736,12678,"True",8,"10+0","rating2",1908,"1750-2000"
"777",35009,14951,"True",5,"15+0","rating2",1342,"795-1500"
"778",31564,11506,"True",2,"10+0","rating2",850,"795-1500"
"779",7971,7971,"True",3,"10+0","rating1",1743,"1500-1750"
"780",6425,6425,"True",6,"10+0","rating1",1480,"795-1500"
"781",18678,18678,"True",4,"20+0","rating1",1880,"1750-2000"
"782",22454,2396,"True",7,"15+5","rating2",1864,"1750-2000"
"783",36236,16178,"True",6,"5+5","rating2",1772,"1750-2000"
"784",37100,17042,"True",4,"10+0","rating2",1347,"795-1500"
"785",20342,284,"True",4,"10+0","rating2",1379,"795-1500"
"786",32826,12768,"True",11,"10+0","rating2",1786,"1750-2000"
"787",2162,2162,"True",5,"10+0","rating1",1851,"1750-2000"
"788",32398,12340,"False",3,"10+5","rating2",1830,"1750-2000"
"789",11063,11063,"False",3,"5+8","rating1",1500,"795-1500"
"790",3039,3039,"True",3,"10+0","rating1",1213,"795-1500"
"791",2092,2092,"True",4,"5+8","rating1",1326,"795-1500"
"792",31064,11006,"True",1,"25+0","rating2",1114,"795-1500"
"793",11480,11480,"True",7,"10+0","rating1",1903,"1750-2000"
"794",7398,7398,"True",10,"10+0","rating1",2089,"2000-2574"
"795",13541,13541,"True",4,"10+0","rating1",2025,"2000-2574"
"796",9551,9551,"True",6,"5+8","rating1",1500,"795-1500"
"797",18433,18433,"True",6,"10+0","rating1",2020,"2000-2574"
"798",10145,10145,"False",5,"5+8","rating1",1091,"795-1500"
"799",17336,17336,"True",7,"5+8","rating1",1850,"1750-2000"
"800",31098,11040,"True",6,"30+0","rating2",1718,"1500-1750"
"801",7840,7840,"True",3,"10+2","rating1",967,"795-1500"
"802",32901,12843,"True",2,"10+0","rating2",1925,"1750-2000"
"803",8938,8938,"True",5,"10+0","rating1",1006,"795-1500"
"804",27453,7395,"True",4,"10+0","rating2",2004,"2000-2574"
"805",10358,10358,"False",8,"7+2","rating1",1571,"1500-1750"
"806",33245,13187,"True",8,"10+0","rating2",1298,"795-1500"
"807",38635,18577,"True",2,"10+0","rating2",1976,"1750-2000"
"808",18241,18241,"True",2,"5+10","rating1",1381,"795-1500"
"809",11874,11874,"True",3,"10+0","rating1",1896,"1750-2000"
"810",9294,9294,"True",4,"10+8","rating1",1572,"1500-1750"
"811",2368,2368,"True",1,"15+5","rating1",1151,"795-1500"
"812",24190,4132,"True",2,"10+0","rating2",1545,"1500-1750"
"813",18292,18292,"True",4,"10+0","rating1",1319,"795-1500"
"814",37940,17882,"True",5,"15+0","rating2",1890,"1750-2000"
"815",29962,9904,"True",3,"5+5","rating2",1583,"1500-1750"
"816",34240,14182,"True",2,"10+0","rating2",1431,"795-1500"
"817",27961,7903,"True",5,"10+0","rating2",1307,"795-1500"
"818",23917,3859,"True",10,"15+0","rating2",1608,"1500-1750"
"819",24390,4332,"True",5,"30+30","rating2",2003,"2000-2574"
"820",31744,11686,"True",3,"10+0","rating2",1538,"1500-1750"
"821",18970,18970,"True",3,"10+0","rating1",1875,"1750-2000"
"822",12166,12166,"True",5,"10+0","rating1",1875,"1750-2000"
"823",825,825,"True",4,"10+0","rating1",1730,"1500-1750"
"824",34648,14590,"True",3,"10+10","rating2",1935,"1750-2000"
"825",21029,971,"False",2,"10+10","rating2",1447,"795-1500"
"826",8816,8816,"True",5,"10+10","rating1",1943,"1750-2000"
"827",10306,10306,"False",2,"10+0","rating1",2152,"2000-2574"
"828",22126,2068,"True",8,"10+0","rating2",1335,"795-1500"
"829",13982,13982,"True",4,"7+2","rating1",1469,"795-1500"
"830",37814,17756,"True",6,"10+10","rating2",1397,"795-1500"
"831",15691,15691,"True",6,"10+0","rating1",1753,"1750-2000"
"832",37788,17730,"True",4,"8+0","rating2",1577,"1500-1750"
"833",26987,6929,"True",4,"15+0","rating2",1790,"1750-2000"
"834",5927,5927,"True",3,"10+0","rating1",1286,"795-1500"
"835",14079,14079,"True",3,"10+0","rating1",1474,"795-1500"
"836",13597,13597,"True",11,"15+15","rating1",1922,"1750-2000"
"837",13056,13056,"False",3,"30+0","rating1",1253,"795-1500"
"838",25020,4962,"True",3,"10+10","rating2",1445,"795-1500"
"839",1697,1697,"True",1,"10+0","rating1",1048,"795-1500"
"840",16689,16689,"True",3,"10+0","rating1",1573,"1500-1750"
"841",11182,11182,"True",1,"25+0","rating1",1191,"795-1500"
"842",5091,5091,"True",4,"10+0","rating1",1210,"795-1500"
"843",32150,12092,"True",2,"10+0","rating2",1133,"795-1500"
"844",33726,13668,"True",6,"20+0","rating2",1192,"795-1500"
"845",39500,19442,"True",2,"10+15","rating2",1688,"1500-1750"
"846",30524,10466,"True",6,"10+0","rating2",1378,"795-1500"
"847",16202,16202,"True",5,"5+5","rating1",1641,"1500-1750"
"848",3120,3120,"True",9,"10+15","rating1",1553,"1500-1750"
"849",21153,1095,"True",4,"10+0","rating2",1977,"1750-2000"
"850",9155,9155,"True",11,"5+5","rating1",1947,"1750-2000"
"851",25276,5218,"True",3,"10+5","rating2",1233,"795-1500"
"852",22724,2666,"True",3,"15+15","rating2",1416,"795-1500"
"853",3653,3653,"True",3,"10+3","rating1",1375,"795-1500"
"854",7648,7648,"True",2,"10+0","rating1",1422,"795-1500"
"855",18363,18363,"True",8,"10+0","rating1",1604,"1500-1750"
"856",12430,12430,"False",2,"10+10","rating1",1950,"1750-2000"
"857",16610,16610,"True",8,"10+0","rating1",1232,"795-1500"
"858",36653,16595,"True",5,"10+0","rating2",2052,"2000-2574"
"859",9829,9829,"True",5,"10+5","rating1",1428,"795-1500"
"860",8939,8939,"True",2,"8+0","rating1",1404,"795-1500"
"861",20052,20052,"True",4,"10+10","rating1",1219,"795-1500"
"862",11131,11131,"True",5,"5+5","rating1",1484,"795-1500"
"863",33179,13121,"True",3,"25+0","rating2",1545,"1500-1750"
"864",19229,19229,"True",6,"5+5","rating1",1370,"795-1500"
"865",22286,2228,"True",5,"8+0","rating2",2154,"2000-2574"
"866",17431,17431,"True",3,"10+0","rating1",1611,"1500-1750"
"867",4457,4457,"True",4,"10+3","rating1",1573,"1500-1750"
"868",15231,15231,"False",3,"10+0","rating1",1564,"1500-1750"
"869",21836,1778,"True",4,"10+0","rating2",1573,"1500-1750"
"870",35438,15380,"True",3,"10+0","rating2",1088,"795-1500"
"871",18491,18491,"True",4,"15+15","rating1",1859,"1750-2000"
"872",38681,18623,"True",9,"10+0","rating2",1671,"1500-1750"
"873",13941,13941,"True",11,"10+0","rating1",1434,"795-1500"
"874",29827,9769,"True",4,"10+0","rating2",1752,"1750-2000"
"875",23179,3121,"True",3,"10+15","rating2",1556,"1500-1750"
"876",4332,4332,"True",5,"30+30","rating1",1676,"1500-1750"
"877",13314,13314,"True",6,"15+0","rating1",1523,"1500-1750"
"878",30154,10096,"True",2,"10+0","rating2",1147,"795-1500"
"879",37029,16971,"True",3,"5+10","rating2",1229,"795-1500"
"880",34876,14818,"False",5,"10+0","rating2",1365,"795-1500"
"881",12800,12800,"False",5,"10+0","rating1",1961,"1750-2000"
"882",14590,14590,"True",3,"10+10","rating1",1950,"1750-2000"
"883",38694,18636,"True",4,"10+0","rating2",1785,"1750-2000"
"884",17486,17486,"True",8,"25+0","rating1",2109,"2000-2574"
"885",1558,1558,"True",3,"10+0","rating1",1228,"795-1500"
"886",16143,16143,"True",8,"10+0","rating1",1816,"1750-2000"
"887",5086,5086,"True",6,"15+15","rating1",1386,"795-1500"
"888",35204,15146,"True",7,"8+0","rating2",1207,"795-1500"
"889",22175,2117,"True",8,"10+8","rating2",1670,"1500-1750"
"890",1780,1780,"True",4,"5+8","rating1",1408,"795-1500"
"891",26217,6159,"True",3,"10+0","rating2",1695,"1500-1750"
"892",12111,12111,"True",7,"10+0","rating1",1156,"795-1500"
"893",9404,9404,"True",4,"8+0","rating1",1399,"795-1500"
"894",6377,6377,"True",4,"10+0","rating1",1564,"1500-1750"
"895",10833,10833,"True",8,"15+5","rating1",1449,"795-1500"
"896",13823,13823,"True",9,"15+0","rating1",1776,"1750-2000"
"897",36096,16038,"False",4,"10+8","rating2",1662,"1500-1750"
"898",1645,1645,"True",7,"10+0","rating1",1402,"795-1500"
"899",26464,6406,"False",3,"10+0","rating2",1916,"1750-2000"
"900",25184,5126,"False",6,"10+0","rating2",1454,"795-1500"
"901",4057,4057,"True",6,"10+0","rating1",1696,"1500-1750"
"902",13907,13907,"True",1,"10+0","rating1",1343,"795-1500"
"903",11897,11897,"True",4,"15+0","rating1",1746,"1500-1750"
"904",15969,15969,"True",11,"15+0","rating1",1802,"1750-2000"
"905",24304,4246,"True",3,"15+0","rating2",1099,"795-1500"
"906",35861,15803,"True",3,"10+0","rating2",1363,"795-1500"
"907",26107,6049,"False",3,"10+0","rating2",1500,"795-1500"
"908",1796,1796,"True",3,"7+2","rating1",1500,"795-1500"
"909",31896,11838,"True",7,"15+10","rating2",1501,"1500-1750"
"910",29708,9650,"True",4,"5+8","rating2",1765,"1750-2000"
"911",39415,19357,"True",6,"10+0","rating2",1996,"1750-2000"
"912",4503,4503,"True",3,"15+0","rating1",1386,"795-1500"
"913",24442,4384,"True",4,"10+0","rating2",1807,"1750-2000"
"914",15028,15028,"True",3,"10+0","rating1",1369,"795-1500"
"915",34345,14287,"True",2,"15+15","rating2",1434,"795-1500"
"916",8165,8165,"True",8,"25+0","rating1",2018,"2000-2574"
"917",37431,17373,"True",3,"10+0","rating2",1743,"1500-1750"
"918",17243,17243,"True",4,"10+0","rating1",1628,"1500-1750"
"919",37205,17147,"True",4,"15+0","rating2",1453,"795-1500"
"920",31476,11418,"True",12,"10+0","rating2",2149,"2000-2574"
"921",24507,4449,"True",7,"10+0","rating2",1886,"1750-2000"
"922",12746,12746,"True",4,"10+0","rating1",1569,"1500-1750"
"923",22877,2819,"False",2,"20+0","rating2",1375,"795-1500"
"924",39501,19443,"True",3,"15+10","rating2",1366,"795-1500"
"925",8010,8010,"True",13,"25+0","rating1",1505,"1500-1750"
"926",21285,1227,"True",6,"10+0","rating2",1286,"795-1500"
"927",5147,5147,"False",4,"10+8","rating1",1500,"795-1500"
"928",25377,5319,"True",8,"10+0","rating2",1686,"1500-1750"
"929",35151,15093,"True",4,"10+10","rating2",1475,"795-1500"
"930",34555,14497,"True",4,"10+0","rating2",1568,"1500-1750"
"931",33108,13050,"False",5,"10+0","rating2",1221,"795-1500"
"932",31179,11121,"True",4,"10+0","rating2",1564,"1500-1750"
"933",36055,15997,"True",2,"10+0","rating2",1830,"1750-2000"
"934",29414,9356,"True",4,"15+5","rating2",1411,"795-1500"
"935",1682,1682,"False",3,"15+15","rating1",972,"795-1500"
"936",7965,7965,"True",2,"10+0","rating1",1839,"1750-2000"
"937",2483,2483,"True",2,"10+0","rating1",1227,"795-1500"
"938",18409,18409,"True",9,"10+0","rating1",2162,"2000-2574"
"939",12661,12661,"True",10,"10+0","rating1",1286,"795-1500"
"940",22301,2243,"True",15,"10+0","rating2",2264,"2000-2574"
"941",24610,4552,"True",5,"10+0","rating2",1801,"1750-2000"
"942",2590,2590,"True",2,"5+5","rating1",1539,"1500-1750"
"943",850,850,"True",4,"10+5","rating1",1851,"1750-2000"
"944",31285,11227,"True",7,"5+5","rating2",1792,"1750-2000"
"945",37874,17816,"True",5,"10+0","rating2",2130,"2000-2574"
"946",29822,9764,"True",3,"10+0","rating2",1794,"1750-2000"
"947",35023,14965,"False",3,"30+0","rating2",1456,"795-1500"
"948",19200,19200,"True",2,"8+0","rating1",1917,"1750-2000"
"949",9168,9168,"True",5,"10+0","rating1",1511,"1500-1750"
"950",14164,14164,"True",6,"10+0","rating1",1415,"795-1500"
"951",23110,3052,"True",5,"10+0","rating2",1384,"795-1500"
"952",30666,10608,"True",9,"15+15","rating2",1614,"1500-1750"
"953",5313,5313,"True",5,"10+0","rating1",1645,"1500-1750"
"954",16604,16604,"True",2,"10+0","rating1",1738,"1500-1750"
"955",13348,13348,"True",2,"25+0","rating1",1488,"795-1500"
"956",32361,12303,"False",3,"15+0","rating2",1530,"1500-1750"
"957",36676,16618,"True",6,"15+0","rating2",1437,"795-1500"
"958",16235,16235,"True",2,"10+0","rating1",1882,"1750-2000"
"959",39405,19347,"True",6,"10+0","rating2",2016,"2000-2574"
"960",32085,12027,"True",3,"10+5","rating2",1306,"795-1500"
"961",38370,18312,"True",7,"25+0","rating2",1703,"1500-1750"
"962",8807,8807,"True",2,"15+15","rating1",1319,"795-1500"
"963",16117,16117,"True",9,"10+0","rating1",1624,"1500-1750"
"964",27576,7518,"True",7,"10+0","rating2",1684,"1500-1750"
"965",38357,18299,"True",1,"10+0","rating2",1639,"1500-1750"
"966",35784,15726,"True",6,"10+0","rating2",1830,"1750-2000"
"967",1700,1700,"True",2,"10+0","rating1",1070,"795-1500"
"968",23670,3612,"True",2,"25+0","rating2",1055,"795-1500"
"969",37914,17856,"True",5,"7+2","rating2",2219,"2000-2574"
"970",20697,639,"True",7,"15+15","rating2",1712,"1500-1750"
"971",14507,14507,"False",4,"5+5","rating1",1080,"795-1500"
"972",32386,12328,"False",11,"5+8","rating2",1842,"1750-2000"
"973",10608,10608,"True",9,"15+15","rating1",1557,"1500-1750"
"974",25538,5480,"True",4,"10+0","rating2",1543,"1500-1750"
"975",32275,12217,"True",2,"10+0","rating2",1952,"1750-2000"
"976",27701,7643,"True",9,"15+0","rating2",1419,"795-1500"
"977",19788,19788,"True",2,"10+0","rating1",1804,"1750-2000"
"978",19554,19554,"True",7,"15+15","rating1",1494,"795-1500"
"979",28069,8011,"True",2,"10+0","rating2",1344,"795-1500"
"980",386,386,"True",3,"10+0","rating1",1127,"795-1500"
"981",39764,19706,"True",6,"15+10","rating2",1874,"1750-2000"
"982",36994,16936,"True",3,"10+0","rating2",1439,"795-1500"
"983",39905,19847,"False",4,"10+0","rating2",1500,"795-1500"
"984",13648,13648,"True",9,"10+0","rating1",1939,"1750-2000"
"985",2536,2536,"True",4,"10+0","rating1",1396,"795-1500"
"986",33513,13455,"False",2,"10+0","rating2",1748,"1500-1750"
"987",38415,18357,"True",4,"10+0","rating2",1441,"795-1500"
"988",36993,16935,"True",3,"10+0","rating2",1763,"1750-2000"
"989",38379,18321,"True",1,"10+0","rating2",1618,"1500-1750"
"990",2849,2849,"False",6,"15+0","rating1",1500,"795-1500"
"991",15027,15027,"True",3,"10+0","rating1",1446,"795-1500"
"992",24565,4507,"True",2,"10+0","rating2",1974,"1750-2000"
"993",33476,13418,"True",11,"15+10","rating2",1516,"1500-1750"
"994",38678,18620,"True",3,"10+0","rating2",1673,"1500-1750"
"995",26196,6138,"True",7,"10+0","rating2",1871,"1750-2000"
"996",25420,5362,"True",5,"30+0","rating2",1500,"795-1500"
"997",3180,3180,"True",11,"10+0","rating1",1921,"1750-2000"
"998",12971,12971,"True",1,"10+0","rating1",1604,"1500-1750"
"999",7531,7531,"True",5,"10+0","rating1",1862,"1750-2000"
"1000",5222,5222,"True",3,"10+5","rating1",1405,"795-1500"
"1001",36971,16913,"False",12,"10+0","rating2",1500,"795-1500"
"1002",27858,7800,"True",2,"8+0","rating2",1709,"1500-1750"
"1003",11889,11889,"True",5,"10+0","rating1",1781,"1750-2000"
"1004",18478,18478,"True",4,"10+0","rating1",1586,"1500-1750"
"1005",26355,6297,"True",6,"10+5","rating2",2184,"2000-2574"
"1006",30552,10494,"True",1,"10+10","rating2",1094,"795-1500"
"1007",1672,1672,"True",2,"10+0","rating1",1363,"795-1500"
"1008",3507,3507,"False",2,"15+0","rating1",1400,"795-1500"
"1009",7989,7989,"True",5,"15+15","rating1",1575,"1500-1750"
"1010",11734,11734,"True",4,"10+0","rating1",2178,"2000-2574"
"1011",8032,8032,"True",5,"10+0","rating1",1465,"795-1500"
"1012",12739,12739,"True",5,"10+0","rating1",1692,"1500-1750"
"1013",11340,11340,"True",10,"10+0","rating1",1687,"1500-1750"
"1014",33155,13097,"True",5,"30+30","rating2",1584,"1500-1750"
"1015",12928,12928,"True",7,"8+0","rating1",1996,"1750-2000"
"1016",3608,3608,"True",10,"15+0","rating1",2101,"2000-2574"
"1017",39332,19274,"True",4,"10+0","rating2",981,"795-1500"
"1018",29354,9296,"True",4,"15+0","rating2",1213,"795-1500"
"1019",671,671,"True",10,"10+0","rating1",2191,"2000-2574"
"1020",39894,19836,"False",4,"10+0","rating2",1595,"1500-1750"
"1021",446,446,"True",2,"10+0","rating1",1507,"1500-1750"
"1022",35918,15860,"True",7,"10+0","rating2",1916,"1750-2000"
"1023",4062,4062,"True",1,"8+0","rating1",1882,"1750-2000"
"1024",1073,1073,"True",1,"10+0","rating1",1602,"1500-1750"
"1025",21871,1813,"True",3,"8+0","rating2",1045,"795-1500"
"1026",7816,7816,"True",4,"10+0","rating1",1606,"1500-1750"
"1027",26215,6157,"True",1,"10+0","rating2",1673,"1500-1750"
"1028",15614,15614,"True",11,"15+15","rating1",1731,"1500-1750"
"1029",33784,13726,"True",11,"10+0","rating2",1887,"1750-2000"
"1030",32229,12171,"True",4,"10+0","rating2",1896,"1750-2000"
"1031",4150,4150,"True",3,"10+0","rating1",1233,"795-1500"
"1032",29196,9138,"True",2,"10+10","rating2",1500,"795-1500"
"1033",14598,14598,"True",7,"15+0","rating1",1913,"1750-2000"
"1034",3082,3082,"True",4,"20+0","rating1",1436,"795-1500"
"1035",25804,5746,"True",12,"30+0","rating2",1773,"1750-2000"
"1036",23231,3173,"True",3,"10+0","rating2",1831,"1750-2000"
"1037",18354,18354,"True",6,"10+0","rating1",1587,"1500-1750"
"1038",9067,9067,"True",5,"5+8","rating1",1554,"1500-1750"
"1039",38627,18569,"False",3,"10+0","rating2",1527,"1500-1750"
"1040",7799,7799,"True",3,"8+0","rating1",1612,"1500-1750"
"1041",7987,7987,"True",2,"10+5","rating1",1693,"1500-1750"
"1042",28361,8303,"True",6,"15+10","rating2",1775,"1750-2000"
"1043",7152,7152,"True",6,"20+0","rating1",1727,"1500-1750"
"1044",26567,6509,"False",3,"10+0","rating2",1523,"1500-1750"
"1045",11697,11697,"True",4,"10+0","rating1",1479,"795-1500"
"1046",32440,12382,"True",2,"8+0","rating2",1490,"795-1500"
"1047",7243,7243,"True",1,"10+0","rating1",1651,"1500-1750"
"1048",4705,4705,"True",5,"10+0","rating1",1810,"1750-2000"
"1049",33622,13564,"True",9,"10+0","rating2",2129,"2000-2574"
"1050",945,945,"False",3,"30+0","rating1",1057,"795-1500"
"1051",35051,14993,"True",10,"10+0","rating2",1561,"1500-1750"
"1052",7111,7111,"True",1,"15+0","rating1",1811,"1750-2000"
"1053",7386,7386,"True",10,"10+0","rating1",1953,"1750-2000"
"1054",23267,3209,"True",3,"10+0","rating2",1017,"795-1500"
"1055",982,982,"False",7,"5+8","rating1",1500,"795-1500"
"1056",15328,15328,"True",4,"15+15","rating1",1290,"795-1500"
"1057",11164,11164,"True",1,"25+0","rating1",1146,"795-1500"
"1058",28697,8639,"True",10,"10+0","rating2",1683,"1500-1750"
"1059",19925,19925,"True",6,"15+10","rating1",1670,"1500-1750"
"1060",37191,17133,"True",5,"10+0","rating2",1447,"795-1500"
"1061",5445,5445,"False",2,"20+0","rating1",1530,"1500-1750"
"1062",39077,19019,"True",15,"15+10","rating2",2206,"2000-2574"
"1063",35720,15662,"True",3,"10+0","rating2",1589,"1500-1750"
"1064",7485,7485,"True",3,"10+0","rating1",1555,"1500-1750"
"1065",25909,5851,"True",2,"10+5","rating2",1709,"1500-1750"
"1066",35544,15486,"True",4,"10+0","rating2",1770,"1750-2000"
"1067",4113,4113,"True",6,"10+0","rating1",1465,"795-1500"
"1068",21412,1354,"True",3,"15+0","rating2",1339,"795-1500"
"1069",19906,19906,"True",4,"10+0","rating1",1842,"1750-2000"
"1070",1026,1026,"False",11,"10+0","rating1",1955,"1750-2000"
"1071",19932,19932,"True",3,"15+5","rating1",1611,"1500-1750"
"1072",3785,3785,"True",6,"15+15","rating1",1755,"1750-2000"
"1073",20847,789,"True",6,"10+0","rating2",1679,"1500-1750"
"1074",191,191,"True",4,"15+0","rating1",1858,"1750-2000"
"1075",6069,6069,"True",2,"10+0","rating1",1775,"1750-2000"
"1076",11972,11972,"False",17,"10+5","rating1",2401,"2000-2574"
"1077",2537,2537,"True",4,"10+0","rating1",1406,"795-1500"
"1078",31873,11815,"True",9,"10+0","rating2",1784,"1750-2000"
"1079",2236,2236,"True",9,"10+0","rating1",1778,"1750-2000"
"1080",10760,10760,"True",2,"15+10","rating1",1424,"795-1500"
"1081",19790,19790,"True",2,"10+0","rating1",1795,"1750-2000"
"1082",38003,17945,"True",3,"10+5","rating2",1552,"1500-1750"
"1083",21890,1832,"True",5,"15+0","rating2",1034,"795-1500"
"1084",3513,3513,"False",2,"20+0","rating1",1371,"795-1500"
"1085",21584,1526,"True",7,"10+0","rating2",1327,"795-1500"
"1086",21536,1478,"True",4,"10+0","rating2",1416,"795-1500"
"1087",13702,13702,"True",7,"10+0","rating1",1940,"1750-2000"
"1088",6878,6878,"True",4,"15+0","rating1",1415,"795-1500"
"1089",15913,15913,"True",6,"10+0","rating1",1765,"1750-2000"
"1090",23054,2996,"True",5,"10+0","rating2",1250,"795-1500"
"1091",31282,11224,"True",2,"5+8","rating2",1979,"1750-2000"
"1092",16629,16629,"True",8,"5+10","rating1",1454,"795-1500"
"1093",34041,13983,"True",5,"7+2","rating2",1516,"1500-1750"
"1094",12833,12833,"False",5,"10+0","rating1",2010,"2000-2574"
"1095",1625,1625,"True",3,"10+0","rating1",1299,"795-1500"
"1096",5585,5585,"True",2,"10+0","rating1",1916,"1750-2000"
"1097",12006,12006,"True",4,"10+0","rating1",2117,"2000-2574"
"1098",17515,17515,"True",2,"15+5","rating1",1906,"1750-2000"
"1099",30284,10226,"False",3,"10+5","rating2",1069,"795-1500"
"1100",27759,7701,"True",4,"10+0","rating2",1440,"795-1500"
"1101",15358,15358,"True",6,"10+0","rating1",1730,"1500-1750"
"1102",13136,13136,"True",4,"15+10","rating1",2209,"2000-2574"
"1103",32416,12358,"True",4,"10+5","rating2",1696,"1500-1750"
"1104",31299,11241,"True",8,"5+8","rating2",2073,"2000-2574"
"1105",10997,10997,"True",2,"30+0","rating1",1504,"1500-1750"
"1106",13263,13263,"True",4,"10+0","rating1",1907,"1750-2000"
"1107",379,379,"True",3,"10+0","rating1",974,"795-1500"
"1108",25758,5700,"False",8,"7+2","rating2",1670,"1500-1750"
"1109",8042,8042,"True",7,"10+0","rating1",1460,"795-1500"
"1110",8478,8478,"True",3,"10+5","rating1",1395,"795-1500"
"1111",38567,18509,"True",5,"10+10","rating2",1676,"1500-1750"
"1112",3859,3859,"True",10,"15+0","rating1",1593,"1500-1750"
"1113",21953,1895,"True",12,"15+10","rating2",1863,"1750-2000"
"1114",16422,16422,"True",3,"10+5","rating1",1423,"795-1500"
"1115",13778,13778,"True",3,"7+2","rating1",1288,"795-1500"
"1116",1745,1745,"True",4,"10+0","rating1",1637,"1500-1750"
"1117",32224,12166,"True",5,"10+0","rating2",1921,"1750-2000"
"1118",21196,1138,"True",9,"10+0","rating2",1878,"1750-2000"
"1119",30267,10209,"False",4,"10+0","rating2",1947,"1750-2000"
"1120",28046,7988,"True",7,"15+10","rating2",1648,"1500-1750"
"1121",8531,8531,"True",3,"15+0","rating1",1619,"1500-1750"
"1122",21955,1897,"True",4,"15+10","rating2",1872,"1750-2000"
"1123",15859,15859,"True",7,"10+0","rating1",1764,"1750-2000"
"1124",20987,929,"True",3,"10+0","rating2",841,"795-1500"
"1125",38456,18398,"True",2,"20+0","rating2",2043,"2000-2574"
"1126",39958,19900,"True",7,"10+0","rating2",1653,"1500-1750"
"1127",18920,18920,"True",8,"10+0","rating1",1812,"1750-2000"
"1128",10800,10800,"True",1,"10+0","rating1",1510,"1500-1750"
"1129",7631,7631,"True",5,"10+0","rating1",1432,"795-1500"
"1130",18695,18695,"False",4,"15+0","rating1",1796,"1750-2000"
"1131",32227,12169,"True",5,"10+0","rating2",1809,"1750-2000"
"1132",37132,17074,"False",3,"20+0","rating2",2060,"2000-2574"
"1133",22992,2934,"False",1,"15+15","rating2",1070,"795-1500"
"1134",4114,4114,"True",2,"10+0","rating1",1476,"795-1500"
"1135",16761,16761,"True",2,"8+0","rating1",1308,"795-1500"
"1136",34996,14938,"True",7,"15+0","rating2",1511,"1500-1750"
"1137",22220,2162,"True",5,"10+0","rating2",1887,"1750-2000"
"1138",19878,19878,"True",3,"10+0","rating1",1377,"795-1500"
"1139",5155,5155,"True",3,"5+5","rating1",2045,"2000-2574"
"1140",31147,11089,"True",3,"10+0","rating2",1638,"1500-1750"
"1141",1951,1951,"True",3,"10+0","rating1",1308,"795-1500"
"1142",30996,10938,"True",5,"10+0","rating2",1520,"1500-1750"
"1143",1047,1047,"False",7,"20+0","rating1",1712,"1500-1750"
"1144",15282,15282,"True",4,"10+0","rating1",1720,"1500-1750"
"1145",21799,1741,"True",3,"10+0","rating2",1671,"1500-1750"
"1146",38306,18248,"True",9,"5+5","rating2",1839,"1750-2000"
"1147",32385,12327,"False",4,"15+0","rating2",1821,"1750-2000"
"1148",9851,9851,"True",4,"5+5","rating1",1486,"795-1500"
"1149",1417,1417,"True",11,"10+0","rating1",1846,"1750-2000"
"1150",19036,19036,"True",4,"10+0","rating1",1482,"795-1500"
"1151",31130,11072,"True",9,"5+8","rating2",1640,"1500-1750"
"1152",4471,4471,"True",8,"10+0","rating1",2469,"2000-2574"
"1153",28137,8079,"True",5,"15+0","rating2",1676,"1500-1750"
"1154",24569,4511,"True",4,"10+0","rating2",1392,"795-1500"
"1155",8251,8251,"True",8,"10+0","rating1",1913,"1750-2000"
"1156",38965,18907,"True",7,"10+0","rating2",1687,"1500-1750"
"1157",14167,14167,"True",2,"10+0","rating1",1384,"795-1500"
"1158",1083,1083,"True",3,"10+0","rating1",1463,"795-1500"
"1159",32298,12240,"True",8,"10+0","rating2",1670,"1500-1750"
"1160",39925,19867,"True",4,"15+0","rating2",1602,"1500-1750"
"1161",9571,9571,"True",3,"5+8","rating1",1710,"1500-1750"
"1162",37553,17495,"True",2,"10+0","rating2",1974,"1750-2000"
"1163",1145,1145,"True",6,"10+0","rating1",1968,"1750-2000"
"1164",2825,2825,"True",6,"30+0","rating1",1616,"1500-1750"
"1165",4121,4121,"True",9,"10+0","rating1",1468,"795-1500"
"1166",13292,13292,"False",2,"15+0","rating1",1500,"795-1500"
"1167",223,223,"True",5,"10+0","rating1",1614,"1500-1750"
"1168",34542,14484,"True",5,"25+0","rating2",1489,"795-1500"
"1169",37543,17485,"True",4,"25+0","rating2",2120,"2000-2574"
"1170",3474,3474,"True",5,"10+0","rating1",1220,"795-1500"
"1171",5441,5441,"True",5,"15+0","rating1",1467,"795-1500"
"1172",35889,15831,"True",4,"15+0","rating2",1723,"1500-1750"
"1173",6958,6958,"True",6,"5+8","rating1",1536,"1500-1750"
"1174",21055,997,"False",5,"10+0","rating2",1807,"1750-2000"
"1175",12798,12798,"False",5,"30+0","rating1",1500,"795-1500"
"1176",3955,3955,"True",5,"10+5","rating1",2221,"2000-2574"
"1177",29090,9032,"True",2,"10+0","rating2",1724,"1500-1750"
"1178",15305,15305,"True",4,"10+0","rating1",1624,"1500-1750"
"1179",33823,13765,"True",2,"30+0","rating2",1090,"795-1500"
"1180",10021,10021,"True",4,"30+0","rating1",1502,"1500-1750"
"1181",15274,15274,"True",2,"10+0","rating1",1943,"1750-2000"
"1182",29000,8942,"True",7,"15+0","rating2",1017,"795-1500"
"1183",39091,19033,"True",8,"10+0","rating2",1490,"795-1500"
"1184",24731,4673,"False",6,"15+0","rating2",1510,"1500-1750"
"1185",15019,15019,"True",3,"10+0","rating1",1694,"1500-1750"
"1186",14265,14265,"True",5,"10+5","rating1",1165,"795-1500"
"1187",20624,566,"True",6,"15+15","rating2",1084,"795-1500"
"1188",38654,18596,"True",9,"10+0","rating2",1302,"795-1500"
"1189",11884,11884,"True",1,"10+0","rating1",1830,"1750-2000"
"1190",23421,3363,"True",5,"10+0","rating2",1689,"1500-1750"
"1191",36913,16855,"True",6,"10+0","rating2",1355,"795-1500"
"1192",13929,13929,"True",2,"10+0","rating1",1382,"795-1500"
"1193",685,685,"True",7,"10+5","rating1",2082,"2000-2574"
"1194",23039,2981,"True",10,"15+0","rating2",953,"795-1500"
"1195",30445,10387,"True",3,"5+5","rating2",2113,"2000-2574"
"1196",29508,9450,"True",2,"20+10","rating2",1277,"795-1500"
"1197",38852,18794,"False",3,"15+0","rating2",1792,"1750-2000"
"1198",18201,18201,"True",4,"15+0","rating1",1841,"1750-2000"
"1199",15720,15720,"True",5,"10+0","rating1",1775,"1750-2000"
"1200",23172,3114,"True",5,"20+0","rating2",1460,"795-1500"
"1201",24479,4421,"True",3,"15+0","rating2",1586,"1500-1750"
"1202",38062,18004,"True",5,"10+0","rating2",1762,"1750-2000"
"1203",33224,13166,"True",7,"10+0","rating2",1228,"795-1500"
"1204",13075,13075,"True",8,"10+0","rating1",1880,"1750-2000"
"1205",39927,19869,"True",5,"10+0","rating2",1558,"1500-1750"
"1206",626,626,"False",8,"10+10","rating1",1834,"1750-2000"
"1207",19505,19505,"True",3,"10+0","rating1",1715,"1500-1750"
"1208",6413,6413,"True",4,"7+2","rating1",1755,"1750-2000"
"1209",17752,17752,"False",4,"7+2","rating1",1381,"795-1500"
"1210",20420,362,"True",8,"8+0","rating2",1564,"1500-1750"
"1211",39725,19667,"False",4,"20+0","rating2",1714,"1500-1750"
"1212",30283,10225,"False",5,"10+15","rating2",1293,"795-1500"
"1213",30400,10342,"True",4,"20+10","rating2",1511,"1500-1750"
"1214",27273,7215,"True",4,"10+0","rating2",1397,"795-1500"
"1215",5207,5207,"True",4,"10+0","rating1",2274,"2000-2574"
"1216",28039,7981,"True",7,"15+15","rating2",1669,"1500-1750"
"1217",21931,1873,"True",3,"15+10","rating2",1871,"1750-2000"
"1218",24846,4788,"True",9,"10+0","rating2",1538,"1500-1750"
"1219",3954,3954,"True",5,"10+5","rating1",2151,"2000-2574"
"1220",121,121,"True",5,"10+0","rating1",1756,"1750-2000"
"1221",29397,9339,"False",4,"8+0","rating2",1588,"1500-1750"
"1222",26040,5982,"True",11,"10+8","rating2",1440,"795-1500"
"1223",27231,7173,"False",5,"10+0","rating2",1801,"1750-2000"
"1224",24557,4499,"True",2,"10+0","rating2",1193,"795-1500"
"1225",37117,17059,"True",4,"15+0","rating2",1427,"795-1500"
"1226",31420,11362,"True",2,"10+10","rating2",1374,"795-1500"
"1227",34355,14297,"True",2,"10+0","rating2",1442,"795-1500"
"1228",7509,7509,"True",1,"10+0","rating1",1102,"795-1500"
"1229",20669,611,"False",5,"5+5","rating2",2050,"2000-2574"
"1230",5475,5475,"True",4,"10+0","rating1",1564,"1500-1750"
"1231",38080,18022,"False",4,"30+0","rating2",1947,"1750-2000"
"1232",23726,3668,"True",7,"10+0","rating2",2090,"2000-2574"
"1233",31479,11421,"True",5,"15+15","rating2",1761,"1750-2000"
"1234",13461,13461,"True",7,"8+0","rating1",2169,"2000-2574"
"1235",11377,11377,"True",3,"10+0","rating1",2201,"2000-2574"
"1236",11571,11571,"True",6,"10+3","rating1",1704,"1500-1750"
"1237",32510,12452,"False",3,"10+0","rating2",1500,"795-1500"
"1238",39933,19875,"True",5,"10+0","rating2",1581,"1500-1750"
"1239",3568,3568,"False",6,"30+30","rating1",2193,"2000-2574"
"1240",32192,12134,"True",6,"10+0","rating2",1488,"795-1500"
"1241",14673,14673,"True",5,"10+0","rating1",1633,"1500-1750"
"1242",4584,4584,"True",4,"10+0","rating1",1315,"795-1500"
"1243",15539,15539,"True",3,"15+10","rating1",1748,"1500-1750"
"1244",21770,1712,"False",7,"5+5","rating2",940,"795-1500"
"1245",35295,15237,"True",3,"10+0","rating2",1868,"1750-2000"
"1246",2480,2480,"True",4,"10+0","rating1",1290,"795-1500"
"1247",23909,3851,"False",6,"15+10","rating2",1631,"1500-1750"
"1248",17885,17885,"False",1,"15+0","rating1",1450,"795-1500"
"1249",21571,1513,"True",1,"10+0","rating2",1366,"795-1500"
"1250",25296,5238,"True",4,"10+5","rating2",1440,"795-1500"
"1251",27594,7536,"True",4,"10+0","rating2",1857,"1750-2000"
"1252",38991,18933,"True",2,"10+0","rating2",1752,"1750-2000"
"1253",10622,10622,"True",9,"10+5","rating1",1696,"1500-1750"
"1254",33045,12987,"True",13,"10+0","rating2",2067,"2000-2574"
"1255",26341,6283,"True",7,"15+15","rating2",1489,"795-1500"
"1256",27131,7073,"True",11,"10+5","rating2",1514,"1500-1750"
"1257",13990,13990,"True",5,"10+0","rating1",1329,"795-1500"
"1258",30582,10524,"True",6,"15+5","rating2",1522,"1500-1750"
"1259",29459,9401,"False",4,"10+10","rating2",1257,"795-1500"
"1260",34793,14735,"True",4,"10+0","rating2",1149,"795-1500"
"1261",32159,12101,"True",4,"10+0","rating2",1269,"795-1500"
"1262",38190,18132,"False",3,"15+5","rating2",1312,"795-1500"
"1263",788,788,"True",6,"10+0","rating1",1437,"795-1500"
"1264",24855,4797,"True",5,"10+5","rating2",1500,"795-1500"
"1265",27745,7687,"True",7,"10+0","rating2",1597,"1500-1750"
"1266",38021,17963,"True",14,"15+15","rating2",1807,"1750-2000"
"1267",30604,10546,"True",3,"10+0","rating2",1481,"795-1500"
"1268",29169,9111,"True",5,"10+0","rating2",1628,"1500-1750"
"1269",36225,16167,"False",4,"10+15","rating2",1506,"1500-1750"
"1270",34962,14904,"True",4,"15+15","rating2",996,"795-1500"
"1271",2209,2209,"True",2,"10+0","rating1",1419,"795-1500"
"1272",25481,5423,"False",3,"5+8","rating2",1016,"795-1500"
"1273",35169,15111,"True",7,"10+0","rating2",1456,"795-1500"
"1274",24861,4803,"True",1,"10+0","rating2",1487,"795-1500"
"1275",2736,2736,"True",4,"10+0","rating1",1579,"1500-1750"
"1276",12084,12084,"True",7,"10+0","rating1",1332,"795-1500"
"1277",25629,5571,"True",4,"10+0","rating2",1869,"1750-2000"
"1278",24800,4742,"False",8,"10+0","rating2",1500,"795-1500"
"1279",29165,9107,"True",7,"10+0","rating2",1673,"1500-1750"
"1280",31426,11368,"True",8,"10+5","rating2",1081,"795-1500"
"1281",2306,2306,"True",2,"10+0","rating1",1970,"1750-2000"
"1282",23751,3693,"True",5,"10+5","rating2",1497,"795-1500"
"1283",4210,4210,"True",1,"30+0","rating1",1436,"795-1500"
"1284",24441,4383,"True",6,"10+0","rating2",1740,"1500-1750"
"1285",9786,9786,"True",3,"5+8","rating1",1488,"795-1500"
"1286",25388,5330,"True",3,"10+0","rating2",2043,"2000-2574"
"1287",2387,2387,"True",2,"10+5","rating1",1663,"1500-1750"
"1288",13081,13081,"False",7,"15+0","rating1",1188,"795-1500"
"1289",33177,13119,"True",4,"15+0","rating2",1457,"795-1500"
"1290",32862,12804,"False",13,"15+15","rating2",1500,"795-1500"
"1291",29890,9832,"True",4,"10+5","rating2",1570,"1500-1750"
"1292",32777,12719,"True",6,"10+0","rating2",1773,"1750-2000"
"1293",15446,15446,"True",4,"10+0","rating1",1463,"795-1500"
"1294",4274,4274,"True",7,"7+2","rating1",1315,"795-1500"
"1295",39650,19592,"False",8,"5+5","rating2",1931,"1750-2000"
"1296",11855,11855,"True",4,"10+0","rating1",1718,"1500-1750"
"1297",7403,7403,"False",5,"5+8","rating1",1500,"795-1500"
"1298",28910,8852,"True",2,"5+5","rating2",1870,"1750-2000"
"1299",24638,4580,"True",4,"10+0","rating2",1326,"795-1500"
"1300",5567,5567,"True",2,"10+0","rating1",1839,"1750-2000"
"1301",22000,1942,"True",4,"10+0","rating2",1878,"1750-2000"
"1302",33619,13561,"True",9,"10+0","rating2",2166,"2000-2574"
"1303",21315,1257,"True",8,"15+0","rating2",1587,"1500-1750"
"1304",13544,13544,"True",8,"10+0","rating1",2189,"2000-2574"
"1305",13250,13250,"True",5,"30+30","rating1",1731,"1500-1750"
"1306",35881,15823,"True",4,"5+5","rating2",1753,"1750-2000"
"1307",28629,8571,"True",6,"15+0","rating2",1794,"1750-2000"
"1308",20514,456,"True",6,"10+0","rating2",1488,"795-1500"
"1309",5118,5118,"False",5,"20+0","rating1",1500,"795-1500"
"1310",31356,11298,"True",3,"5+8","rating2",1579,"1500-1750"
"1311",1269,1269,"False",4,"10+0","rating1",1199,"795-1500"
"1312",4341,4341,"False",2,"5+5","rating1",1500,"795-1500"
"1313",20648,590,"True",1,"10+0","rating2",2028,"2000-2574"
"1314",9766,9766,"True",3,"10+0","rating1",1160,"795-1500"
"1315",7908,7908,"True",1,"8+0","rating1",1295,"795-1500"
"1316",10265,10265,"True",8,"10+0","rating1",1858,"1750-2000"
"1317",19283,19283,"True",7,"10+0","rating1",1539,"1500-1750"
"1318",4447,4447,"True",13,"10+0","rating1",1943,"1750-2000"
"1319",36119,16061,"True",9,"20+0","rating2",1583,"1500-1750"
"1320",6861,6861,"False",6,"5+5","rating1",1418,"795-1500"
"1321",22323,2265,"True",1,"5+5","rating2",2264,"2000-2574"
"1322",18704,18704,"False",5,"10+5","rating1",1500,"795-1500"
"1323",5869,5869,"True",2,"10+10","rating1",1749,"1500-1750"
"1324",15871,15871,"True",3,"10+0","rating1",1707,"1500-1750"
"1325",12359,12359,"True",2,"10+5","rating1",1704,"1500-1750"
"1326",23130,3072,"True",3,"10+0","rating2",1104,"795-1500"
"1327",31184,11126,"True",3,"10+0","rating2",1539,"1500-1750"
"1328",19808,19808,"True",4,"5+10","rating1",1612,"1500-1750"
"1329",15965,15965,"True",3,"15+0","rating1",1821,"1750-2000"
"1330",12674,12674,"False",6,"15+0","rating1",2065,"2000-2574"
"1331",21490,1432,"True",1,"10+0","rating2",1766,"1750-2000"
"1332",13486,13486,"True",8,"10+0","rating1",1878,"1750-2000"
"1333",35303,15245,"True",5,"10+0","rating2",1842,"1750-2000"
"1334",15232,15232,"False",3,"10+0","rating1",1500,"795-1500"
"1335",23350,3292,"True",3,"15+15","rating2",1346,"795-1500"
"1336",34416,14358,"True",2,"10+0","rating2",1735,"1500-1750"
"1337",26099,6041,"True",6,"10+0","rating2",1743,"1500-1750"
"1338",33228,13170,"True",5,"8+0","rating2",1201,"795-1500"
"1339",20404,346,"True",13,"10+0","rating2",1635,"1500-1750"
"1340",26758,6700,"True",6,"10+0","rating2",1399,"795-1500"
"1341",31535,11477,"True",7,"10+0","rating2",1640,"1500-1750"
"1342",5020,5020,"True",4,"10+0","rating1",1574,"1500-1750"
"1343",28327,8269,"True",6,"8+0","rating2",1839,"1750-2000"
"1344",37103,17045,"True",4,"5+5","rating2",1539,"1500-1750"
"1345",9048,9048,"True",6,"10+0","rating1",1683,"1500-1750"
"1346",31569,11511,"True",2,"10+0","rating2",1069,"795-1500"
"1347",13804,13804,"True",10,"10+5","rating1",1729,"1500-1750"
"1348",6054,6054,"True",2,"10+10","rating1",1688,"1500-1750"
"1349",4948,4948,"False",11,"10+0","rating1",2127,"2000-2574"
"1350",6648,6648,"True",4,"5+5","rating1",1344,"795-1500"
"1351",39193,19135,"True",5,"15+15","rating2",1765,"1750-2000"
"1352",34540,14482,"True",5,"10+0","rating2",1457,"795-1500"
"1353",39412,19354,"True",2,"15+15","rating2",2012,"2000-2574"
"1354",22571,2513,"False",6,"10+0","rating2",1364,"795-1500"
"1355",8185,8185,"True",4,"15+0","rating1",1550,"1500-1750"
"1356",5320,5320,"True",3,"10+0","rating1",1753,"1750-2000"
"1357",23148,3090,"True",5,"10+2","rating2",1462,"795-1500"
"1358",5647,5647,"False",3,"5+8","rating1",1525,"1500-1750"
"1359",31998,11940,"True",9,"15+0","rating2",1500,"795-1500"
"1360",8145,8145,"True",3,"10+0","rating1",1889,"1750-2000"
"1361",4135,4135,"True",2,"10+0","rating1",1422,"795-1500"
"1362",31977,11919,"True",9,"10+0","rating2",2085,"2000-2574"
"1363",38380,18322,"True",5,"10+0","rating2",1533,"1500-1750"
"1364",30391,10333,"True",4,"15+0","rating2",1090,"795-1500"
"1365",39770,19712,"True",13,"15+10","rating2",2054,"2000-2574"
"1366",22567,2509,"True",5,"10+0","rating2",1344,"795-1500"
"1367",4898,4898,"True",8,"10+0","rating1",1668,"1500-1750"
"1368",33112,13054,"False",3,"20+0","rating2",1236,"795-1500"
"1369",37164,17106,"True",3,"5+5","rating2",1384,"795-1500"
"1370",1656,1656,"False",5,"15+5","rating1",1443,"795-1500"
"1371",25587,5529,"False",3,"15+0","rating2",1987,"1750-2000"
"1372",4422,4422,"True",3,"10+10","rating1",1494,"795-1500"
"1373",12883,12883,"True",3,"10+0","rating1",1968,"1750-2000"
"1374",20100,42,"False",3,"30+0","rating2",978,"795-1500"
"1375",25358,5300,"True",7,"10+0","rating2",1684,"1500-1750"
"1376",27595,7537,"True",7,"10+0","rating2",1502,"1500-1750"
"1377",35753,15695,"True",4,"10+0","rating2",1743,"1500-1750"
"1378",2553,2553,"True",2,"10+0","rating1",1364,"795-1500"
"1379",37264,17206,"True",1,"20+0","rating2",1470,"795-1500"
"1380",20401,343,"True",3,"10+0","rating2",1639,"1500-1750"
"1381",32378,12320,"True",1,"10+0","rating2",1882,"1750-2000"
"1382",7280,7280,"True",4,"10+0","rating1",1527,"1500-1750"
"1383",6492,6492,"True",8,"5+10","rating1",1355,"795-1500"
"1384",32022,11964,"True",4,"10+0","rating2",1574,"1500-1750"
"1385",38667,18609,"True",4,"8+0","rating2",1499,"795-1500"
"1386",30232,10174,"True",4,"15+10","rating2",1314,"795-1500"
"1387",4511,4511,"True",4,"10+0","rating1",1459,"795-1500"
"1388",14473,14473,"True",5,"10+0","rating1",1606,"1500-1750"
"1389",2503,2503,"False",3,"10+5","rating1",1291,"795-1500"
"1390",7990,7990,"True",6,"15+15","rating1",1587,"1500-1750"
"1391",17561,17561,"True",7,"8+0","rating1",1911,"1750-2000"
"1392",28286,8228,"True",7,"10+0","rating2",1828,"1750-2000"
"1393",39366,19308,"True",3,"15+15","rating2",1505,"1500-1750"
"1394",7907,7907,"True",1,"8+0","rating1",1307,"795-1500"
"1395",24561,4503,"True",3,"15+0","rating2",1352,"795-1500"
"1396",6700,6700,"True",6,"10+0","rating1",1479,"795-1500"
"1397",39439,19381,"True",4,"10+0","rating2",1499,"795-1500"
"1398",17139,17139,"True",8,"15+0","rating1",1615,"1500-1750"
"1399",21941,1883,"True",4,"15+10","rating2",1841,"1750-2000"
"1400",38044,17986,"True",7,"15+15","rating2",1827,"1750-2000"
"1401",9055,9055,"False",5,"8+0","rating1",1728,"1500-1750"
"1402",28502,8444,"True",3,"10+0","rating2",1613,"1500-1750"
"1403",34410,14352,"True",4,"10+0","rating2",1679,"1500-1750"
"1404",30680,10622,"True",9,"10+5","rating2",1607,"1500-1750"
"1405",7741,7741,"True",5,"5+8","rating1",1703,"1500-1750"
"1406",23244,3186,"True",5,"10+0","rating2",1893,"1750-2000"
"1407",9608,9608,"False",4,"15+0","rating1",1260,"795-1500"
"1408",38908,18850,"True",2,"20+0","rating2",1192,"795-1500"
"1409",39750,19692,"True",6,"15+10","rating2",2070,"2000-2574"
"1410",20468,410,"False",4,"25+0","rating2",1357,"795-1500"
"1411",38845,18787,"True",9,"15+10","rating2",1735,"1500-1750"
"1412",4164,4164,"True",2,"10+10","rating1",989,"795-1500"
"1413",22215,2157,"True",6,"30+0","rating2",1673,"1500-1750"
"1414",22578,2520,"False",5,"10+0","rating2",1500,"795-1500"
"1415",24060,4002,"True",4,"5+8","rating2",1504,"1500-1750"
"1416",21991,1933,"True",2,"10+0","rating2",1879,"1750-2000"
"1417",17191,17191,"True",7,"15+0","rating1",1624,"1500-1750"
"1418",9924,9924,"False",2,"15+15","rating1",1336,"795-1500"
"1419",454,454,"True",3,"5+8","rating1",1465,"795-1500"
"1420",2318,2318,"True",4,"10+0","rating1",1950,"1750-2000"
"1421",10680,10680,"True",6,"5+8","rating1",1373,"795-1500"
"1422",12731,12731,"False",8,"5+5","rating1",1500,"795-1500"
"1423",12953,12953,"True",10,"10+0","rating1",1888,"1750-2000"
"1424",7535,7535,"True",8,"10+0","rating1",1860,"1750-2000"
"1425",23404,3346,"True",4,"10+0","rating2",1636,"1500-1750"
"1426",12968,12968,"True",1,"10+0","rating1",1763,"1750-2000"
"1427",19684,19684,"True",5,"15+0","rating1",1024,"795-1500"
"1428",8120,8120,"True",11,"15+0","rating1",1770,"1750-2000"
"1429",28324,8266,"True",1,"10+0","rating2",1800,"1750-2000"
"1430",2070,2070,"True",11,"10+0","rating1",2086,"2000-2574"
"1431",16026,16026,"True",3,"25+0","rating1",1634,"1500-1750"
"1432",36816,16758,"False",3,"10+5","rating2",1176,"795-1500"
"1433",33308,13250,"True",5,"30+30","rating2",1560,"1500-1750"
"1434",22084,2026,"True",3,"5+8","rating2",1043,"795-1500"
"1435",10916,10916,"True",5,"15+15","rating1",1496,"795-1500"
"1436",10189,10189,"True",2,"10+0","rating1",1242,"795-1500"
"1437",31440,11382,"True",11,"10+0","rating2",2123,"2000-2574"
"1438",27762,7704,"True",4,"10+0","rating2",2097,"2000-2574"
"1439",54,54,"False",2,"10+0","rating1",1500,"795-1500"
"1440",20356,298,"True",2,"15+15","rating2",1496,"795-1500"
"1441",21567,1509,"True",3,"10+0","rating2",1356,"795-1500"
"1442",5463,5463,"True",5,"10+0","rating1",1647,"1500-1750"
"1443",27843,7785,"True",4,"10+0","rating2",1538,"1500-1750"
"1444",6554,6554,"True",5,"30+0","rating1",1560,"1500-1750"
"1445",32177,12119,"True",5,"10+0","rating2",1197,"795-1500"
"1446",31284,11226,"True",3,"5+5","rating2",1812,"1750-2000"
"1447",29662,9604,"True",5,"15+0","rating2",1295,"795-1500"
"1448",26957,6899,"False",1,"10+5","rating2",1626,"1500-1750"
"1449",317,317,"False",1,"10+0","rating1",1605,"1500-1750"
"1450",14586,14586,"True",7,"10+5","rating1",1931,"1750-2000"
"1451",28377,8319,"True",2,"8+0","rating2",2195,"2000-2574"
"1452",24828,4770,"False",3,"10+0","rating2",1525,"1500-1750"
"1453",11981,11981,"False",13,"10+15","rating1",2406,"2000-2574"
"1454",19698,19698,"True",6,"15+10","rating1",2064,"2000-2574"
"1455",3321,3321,"True",3,"10+10","rating1",1942,"1750-2000"
"1456",36803,16745,"True",4,"15+0","rating2",1621,"1500-1750"
"1457",28312,8254,"True",5,"5+5","rating2",1898,"1750-2000"
"1458",3844,3844,"True",4,"15+10","rating1",1715,"1500-1750"
"1459",29891,9833,"True",5,"10+5","rating2",1035,"795-1500"
"1460",30197,10139,"False",4,"10+0","rating2",1254,"795-1500"
"1461",31458,11400,"True",6,"10+0","rating2",1971,"1750-2000"
"1462",10077,10077,"True",2,"5+8","rating1",1537,"1500-1750"
"1463",15727,15727,"True",4,"10+0","rating1",1852,"1750-2000"
"1464",25621,5563,"True",3,"15+0","rating2",1805,"1750-2000"
"1465",23942,3884,"True",4,"10+5","rating2",1720,"1500-1750"
"1466",32516,12458,"False",2,"5+8","rating2",1336,"795-1500"
"1467",39338,19280,"True",3,"10+0","rating2",1265,"795-1500"
"1468",24460,4402,"True",1,"10+0","rating2",1116,"795-1500"
"1469",2059,2059,"True",6,"10+0","rating1",1392,"795-1500"
"1470",15897,15897,"True",3,"10+0","rating1",1817,"1750-2000"
"1471",22879,2821,"True",3,"10+5","rating2",1471,"795-1500"
"1472",5578,5578,"True",4,"10+0","rating1",1912,"1750-2000"
"1473",35318,15260,"True",8,"10+0","rating2",1985,"1750-2000"
"1474",24933,4875,"True",5,"5+8","rating2",1606,"1500-1750"
"1475",1938,1938,"True",3,"10+0","rating1",2231,"2000-2574"
"1476",30060,10002,"True",7,"30+0","rating2",1722,"1500-1750"
"1477",16602,16602,"True",6,"10+0","rating1",1901,"1750-2000"
"1478",32995,12937,"True",9,"15+0","rating2",1932,"1750-2000"
"1479",32832,12774,"False",6,"30+30","rating2",1695,"1500-1750"
"1480",20682,624,"True",3,"5+5","rating2",2384,"2000-2574"
"1481",1323,1323,"False",5,"15+15","rating1",1104,"795-1500"
"1482",33285,13227,"True",5,"15+15","rating2",1770,"1750-2000"
"1483",32381,12323,"True",1,"10+0","rating2",1539,"1500-1750"
"1484",10512,10512,"False",4,"20+0","rating1",1500,"795-1500"
"1485",38661,18603,"True",8,"10+0","rating2",1412,"795-1500"
"1486",19636,19636,"False",5,"10+0","rating1",1757,"1750-2000"
"1487",17557,17557,"True",4,"7+2","rating1",1568,"1500-1750"
"1488",30738,10680,"True",6,"5+8","rating2",1530,"1500-1750"
"1489",39388,19330,"True",6,"10+0","rating2",2113,"2000-2574"
"1490",3792,3792,"True",6,"10+8","rating1",1356,"795-1500"
"1491",12273,12273,"True",7,"10+0","rating1",1724,"1500-1750"
"1492",29193,9135,"True",1,"10+0","rating2",1632,"1500-1750"
"1493",23709,3651,"True",4,"20+0","rating2",1811,"1750-2000"
"1494",32484,12426,"True",2,"10+0","rating2",1730,"1500-1750"
"1495",14679,14679,"True",2,"10+0","rating1",1137,"795-1500"
"1496",1590,1590,"True",5,"8+0","rating1",2351,"2000-2574"
"1497",35299,15241,"True",5,"10+0","rating2",1859,"1750-2000"
"1498",6333,6333,"False",5,"15+5","rating1",1619,"1500-1750"
"1499",37766,17708,"True",1,"8+0","rating2",1541,"1500-1750"
"1500",37356,17298,"True",4,"10+2","rating2",1512,"1500-1750"
